,OGF_ID,FIRE_TYPE_CODE,FIRE_START_DATE,FIRE_GENERAL_CAUSE_CODE,FIRE_FINAL_SIZE,LONGITUDE,LATITUDE
0,46000273,IFR,2001/06/09 00:00:00+00,LTG,100,-87.21253541146822,52.845742198706475
1,46000274,IFR,2001/06/09 00:00:00+00,LTG,56,-88.44454822876968,52.805344713795776
2,46000278,IFR,2001/06/08 00:00:00+00,LTG,200,-87.51087576914303,52.5249766466786
3,46000280,IFR,2001/06/09 00:00:00+00,LTG,225,-87.41793917995373,52.30278372357362
4,46000282,IFR,2001/06/09 00:00:00+00,LTG,625,-81.81323752405594,51.872693241317684
5,46000283,IFR,2001/06/09 00:00:00+00,LTG,103,-87.81831775432035,51.56118364105889
6,46000285,PB,2001/09/16 00:00:00+00,MIS,300,-93.83044574773798,51.19826971052369
7,46000287,IFR,2001/06/09 00:00:00+00,LTG,85,-86.99296800553968,50.911827156836864
8,46000290,IFR,2001/04/29 00:00:00+00,UNK,40,-94.50886656834456,48.7732361026333
9,46000291,PB,2001/09/28 00:00:00+00,MIS,400,-91.50836617002565,48.1333283610419
10,46000292,IFR,2001/04/29 00:00:00+00,RES,45,-80.1518967161689,47.86706895082858
11,46000293,IFR,2001/04/25 00:00:00+00,MIS,200,-77.34288896272135,45.91956240982943
12,46000295,OFR,2001/08/04 00:00:00+00,MIS,70,-79.15426657743826,43.86305471763227
13,46000297,PB,2001/04/26 00:00:00+00,MIS,101,-83.08559977100126,42.27312083029319
14,46002049,OFR,2002/07/08 00:00:00+00,LTG,100,-90.12350099526759,55.7919587781443
15,46002048,OFR,2002/07/08 00:00:00+00,LTG,600,-89.77592473023692,55.65485536790875
16,46002057,OFR,2002/06/27 00:00:00+00,LTG,400,-89.78941077687267,54.386816572589
17,46002058,OFR,2002/07/15 00:00:00+00,LTG,200,-91.4516963795025,54.356439455741935
18,46002059,OFR,2002/07/15 00:00:00+00,LTG,100,-90.18338476524848,54.327021228765496
19,46002052,OFR,2002/07/16 00:00:00+00,LTG,3100,-92.58195376402095,54.25811409301481
20,46002053,OFR,2002/06/25 00:00:00+00,LTG,2600,-91.33635486615653,54.222267443999634
21,46002056,OFR,2002/06/27 00:00:00+00,LTG,400,-89.48435635612846,54.168940476125606
22,46002060,OFR,2002/07/15 00:00:00+00,LTG,150,-89.89367975566772,54.15154452418247
23,46002038,IFR,2002/06/30 00:00:00+00,LTG,27500,-91.44594297886738,53.99897845300466
24,46000115,OFR,2000/08/05 00:00:00+00,LTG,550,-89.43829942653005,56.116414530799474
25,46000114,OFR,2000/08/02 00:00:00+00,LTG,500,-88.82054337548502,55.13013761460919
26,46000134,IFR,2000/07/30 00:00:00+00,LTG,50,-91.5383248677191,53.55251693144651
27,46000127,IFR,2000/07/31 00:00:00+00,LTG,120,-87.58502463889529,53.42496707704258
28,46000124,IFR,2000/07/23 00:00:00+00,LTG,750,-86.05043291151817,53.239926504300726
29,46000125,IFR,2000/07/30 00:00:00+00,LTG,120,-88.59892763386432,52.89497723888589
30,46000136,IFR,2000/07/31 00:00:00+00,LTG,78,-90.18707196266193,52.82902867964114
31,46000113,IFR,2000/06/16 00:00:00+00,LTG,425,-83.12159634795691,52.71609313960941
32,46000131,IFR,2000/07/23 00:00:00+00,LTG,221,-93.9972840579088,52.290689107489506
33,46000126,IFR,2000/07/31 00:00:00+00,LTG,80,-86.72397645819463,52.5835850326326
34,46000137,IFR,2000/05/29 00:00:00+00,LTG,125,-89.25444423107443,52.48599570130071
35,46000135,IFR,2000/07/30 00:00:00+00,LTG,100,-89.81584230830197,52.41135091228322
36,46000129,IFR,2000/10/19 00:00:00+00,IDF,85,-88.00942745940388,50.83712562032187
37,46000116,IFR,2000/05/03 00:00:00+00,RWY,63,-93.66366117797799,49.82844663555162
38,46000121,IFR,2000/10/12 00:00:00+00,IDF,40,-85.06643806451378,49.980485012119644
39,46000128,IFR,2000/10/19 00:00:00+00,IDF,100,-87.32481028870372,49.400466959392595
40,46000119,IFR,2000/04/27 00:00:00+00,INC,300,-94.59694540349687,48.82220008470909
41,46000118,PB,2000/10/12 00:00:00+00,MIS,1200,-91.28778840669551,48.093026865303436
42,46000130,IFR,2000/04/25 00:00:00+00,MIS,45,-77.3395050001328,45.90104571789823
43,46000122,PB,2000/04/30 00:00:00+00,MIS,70,-76.61976946798663,45.085376830907094
44,46000252,OFR,2001/06/09 00:00:00+00,LTG,700,-87.07158788837982,55.65505174938882
45,46000256,OFR,2001/07/19 00:00:00+00,LTG,150,-91.25394726866533,54.305114161124514
46,46000258,OFR,2001/07/20 00:00:00+00,LTG,80,-91.33679224453738,54.20598018745571
47,46000260,OFR,2001/07/15 00:00:00+00,LTG,272,-91.35657450252525,53.998284485350915
48,46000265,IFR,2001/06/08 00:00:00+00,LTG,60,-87.87216769084425,53.52225931863236
49,46000268,IFR,2001/07/20 00:00:00+00,LTG,2250,-87.92429940313015,53.39067365038896
50,46000269,IFR,2001/07/20 00:00:00+00,LTG,65,-92.92237888466035,53.269906448059714
51,46000276,IFR,2001/06/09 00:00:00+00,LTG,100,-89.56722131290643,52.64285957423209
52,46000277,IFR,2001/07/19 00:00:00+00,LTG,50,-91.97457636274449,52.60661066877639
53,46000279,IFR,2001/07/18 00:00:00+00,LTG,90,-94.92089904043551,52.34557871043599
54,46000281,IFR,2001/05/15 00:00:00+00,REC,551,-81.91558573673701,52.11916219555613
55,46000284,IFR,2001/06/09 00:00:00+00,LTG,300,-86.88389717707138,51.206556285779286
56,46000286,IFR,2001/06/09 00:00:00+00,LTG,114,-87.32387469395093,51.14615986702506
57,46000288,IFR,2001/06/09 00:00:00+00,LTG,220,-81.14482549092799,50.13469261523495
58,46000289,IFR,2001/07/23 00:00:00+00,LTG,70,-87.1754037047125,50.06350504812526
59,46000294,OFR,2001/07/27 00:00:00+00,UNK,146,-76.88059312618908,44.814907080258074
60,46000296,PB,2001/05/01 00:00:00+00,MIS,87,-81.78862539119825,43.279985969200965
61,46002051,OFR,2002/07/12 00:00:00+00,LTG,80,-87.58856088416451,55.685352236736556
62,46002054,OFR,2002/06/27 00:00:00+00,LTG,90,-91.35151725538302,54.19970010701525
63,46002055,OFR,2002/06/27 00:00:00+00,LTG,100,-91.39206030925433,54.19376696324293
64,46002050,OFR,2002/07/08 00:00:00+00,LTG,40,-88.85293836979444,54.00464053859587
65,46002033,IFR,2002/06/18 00:00:00+00,UNK,258,-89.83171283906975,53.853322014227345
66,46001988,IFR,2002/07/08 00:00:00+00,LTG,500,-84.62946799855686,53.842509494886215
67,46002034,IFR,2002/06/18 00:00:00+00,RES,550,-90.32749870877821,53.797334010879084
68,46002042,IFR,2002/07/06 00:00:00+00,LTG,43,-89.03807027001423,53.79978869863911
69,46001986,IFR,2002/07/08 00:00:00+00,LTG,100,-84.77364863341867,53.758939077125746
70,46000132,IFR,2000/07/26 00:00:00+00,LTG,2858,-94.37722217126601,52.28509854301639
71,46000120,IFR,2000/07/28 00:00:00+00,LTG,177,-83.93182050771122,49.23424675431215
72,46000117,IFR,2000/03/10 00:00:00+00,UNK,60,-94.2376684057135,48.833788707717346
73,46000112,IFR,2000/11/01 00:00:00+00,IDO,75,-82.91009607795532,47.99683075024105
74,46000133,IFR,2000/04/25 00:00:00+00,RES,40,-83.9983280069835,46.4294668015097
75,46000123,PB,2000/05/03 00:00:00+00,MIS,60,-76.51454297758026,45.19035061291245
76,46000111,PB,2000/04/27 00:00:00+00,MIS,111,-81.81672848216745,43.265024974509984
77,46000251,OFR,2001/06/09 00:00:00+00,LTG,250,-89.4040440916987,56.412038794384685
78,46000253,OFR,2001/07/28 00:00:00+00,LTG,300,-87.84022867110085,55.32917843714392
79,46000254,OFR,2001/07/28 00:00:00+00,LTG,150,-87.7141983224057,54.89563052205742
80,46000255,OFR,2001/07/28 00:00:00+00,LTG,2750,-87.10381557739062,54.51309350280167
81,46000257,OFR,2001/07/19 00:00:00+00,LTG,40,-91.91763133156579,54.275556497050346
82,46000259,OFR,2001/07/20 00:00:00+00,LTG,60,-91.4916892041567,54.16309308889866
83,46000264,IFR,2001/07/17 00:00:00+00,LTG,110,-92.69778002658053,53.68180445368225
84,46000266,IFR,2001/06/08 00:00:00+00,LTG,110,-88.00255885778837,53.43359892910247
85,46000261,IFR,2001/07/20 00:00:00+00,LTG,123,-90.8673318709748,53.86051244918456
86,46000262,IFR,2001/07/20 00:00:00+00,LTG,382,-88.31424893671436,53.78905272668705
87,46000263,IFR,2001/07/20 00:00:00+00,LTG,100,-91.09529967303288,53.69019488940257
88,46000267,IFR,2001/07/20 00:00:00+00,LTG,85,-88.00162757466425,53.429925477047995
89,46000270,IFR,2001/05/20 00:00:00+00,LTG,1700,-83.37095782271268,52.94910959006219
90,46000271,IFR,2001/07/20 00:00:00+00,LTG,430,-92.26876674149088,52.94120261311793
91,46000272,IFR,2001/06/04 00:00:00+00,MIS,62,-82.50790934185719,52.93830821565992
92,46000275,IFR,2001/06/20 00:00:00+00,LTG,115,-95.07669735621313,52.71193629165977
93,46002043,IFR,2002/07/10 00:00:00+00,IDF,135,-91.7551881296834,50.929387176620324
94,46001990,IFR,2002/08/07 00:00:00+00,LTG,187,-83.46142352408242,50.787330568734674
95,46001981,IFR,2002/07/11 00:00:00+00,LTG,62,-80.3663113130214,50.708395942834194
96,46001994,IFR,2002/05/31 00:00:00+00,LTG,1113,-92.97416728276728,49.996676308003444
97,46002006,IFR,2002/07/12 00:00:00+00,LTG,10994,-86.93265779166735,49.04569373157974
98,46001996,IFR,2002/06/02 00:00:00+00,LTG,2200,-88.52627399932011,48.488609496042656
99,46001819,IFR,1998/07/14 00:00:00+00,LTG,1200,-83.8812377314061,51.14240842435971
100,46001838,IFR,1998/07/07 00:00:00+00,LTG,50,-88.6168020426906,52.87006703515515
101,46001921,IFR,1999/08/29 00:00:00+00,LTG,50,-85.31513027491913,52.83861279733838
102,46001882,IFR,1998/07/10 00:00:00+00,LTG,250,-91.53860510987663,53.96252179588296
103,46002009,IFR,2002/07/14 00:00:00+00,LTG,350,-87.08749369598819,53.64838876608405
104,46002040,IFR,2002/07/05 00:00:00+00,LTG,6000,-89.97618908026092,53.50281270293366
105,46002019,IFR,2002/07/12 00:00:00+00,LTG,8914,-93.78357721691557,53.459720979868045
106,46002020,IFR,2002/07/14 00:00:00+00,LTG,532,-92.70979128094346,53.3874987541286
107,46002005,IFR,2002/07/11 00:00:00+00,LTG,360,-85.65011888041725,51.644361570106554
108,46002022,IFR,2002/07/13 00:00:00+00,LTG,7269,-93.92885971073522,51.407648378233475
109,46002029,IFR,2002/07/16 00:00:00+00,LTG,1647,-93.06215634168325,51.401871763698175
110,46001980,IFR,2002/06/25 00:00:00+00,LTG,1966,-83.76050758588462,51.39345481778393
111,46001991,IFR,2002/07/14 00:00:00+00,LTG,500,-83.49474540232062,51.284744538429486
112,46001983,IFR,2002/07/14 00:00:00+00,LTG,187,-83.2216126017398,51.28058029691836
113,46002001,IFR,2002/07/06 00:00:00+00,LTG,26000,-86.43490667742401,51.18730548673303
114,46002024,IFR,2002/07/14 00:00:00+00,LTG,462,-94.90590187085326,51.265531642267824
115,46002008,IFR,2002/07/16 00:00:00+00,LTG,350,-88.26697700912271,51.11275680789537
116,46001998,IFR,2002/07/01 00:00:00+00,LTG,600,-86.13570081318774,50.849467664794325
117,46002015,IFR,2002/07/14 00:00:00+00,LTG,178,-94.09225414560169,50.81557576107753
118,46001978,IFR,2002/07/02 00:00:00+00,LTG,40,-80.70990135260452,50.6389831245124
119,46002063,PB,2002/09/18 00:00:00+00,MIS,450,-87.16616090445606,50.152201066486555
120,46001993,IFR,2002/07/01 00:00:00+00,LTG,243,-81.32331379855107,50.1353510750103
121,46002062,PB,2002/08/27 00:00:00+00,MIS,1000,-87.16821388865795,50.05821490328451
122,46002047,IFR,2002/05/23 00:00:00+00,LTG,625,-89.39045211516436,49.61153858208111
123,46002010,IFR,2002/07/16 00:00:00+00,LTG,375,-88.16383649494645,48.66968690197123
124,46002011,IFR,2002/07/29 00:00:00+00,MIS,573,-77.49647556971814,45.90201414653781
125,46002061,PB,2002/08/09 00:00:00+00,MIS,135,-77.83320235958125,45.54370781342672
126,46001848,IFR,1998/07/16 00:00:00+00,LTG,175,-88.40098430653534,50.02047764132513
127,46001893,IFR,1998/07/05 00:00:00+00,LTG,50,-89.11485469557009,53.79149201396769
128,46001840,IFR,1998/07/08 00:00:00+00,LTG,9800,-88.39742977306926,52.24036774151962
129,46001820,IFR,1998/07/14 00:00:00+00,LTG,1100,-83.50269019241513,51.42606019928802
130,46001900,IFR,1998/04/30 00:00:00+00,UNK,26400,-89.15715628222495,49.640960874089366
131,46001812,IFR,1998/07/08 00:00:00+00,LTG,500,-80.83057510256967,50.06362209544164
132,46002026,IFR,2002/07/14 00:00:00+00,LTG,10500,-94.07829370972306,53.3990045340087
133,46002003,IFR,2002/07/08 00:00:00+00,LTG,600,-87.28772115302101,53.38066129990151
134,46002031,IFR,2002/07/14 00:00:00+00,LTG,695,-93.22013097277458,53.343001856868575
135,46002046,IFR,2002/07/17 00:00:00+00,LTG,175,-90.24725694410242,53.149820802980315
136,46002025,IFR,2002/07/12 00:00:00+00,LTG,312,-94.01333618384994,53.07975553938912
137,46001992,IFR,2002/06/28 00:00:00+00,REC,140,-82.6217536222016,52.92372825883804
138,46002013,IFR,2002/07/13 00:00:00+00,LTG,4536,-93.49648966918747,52.78765432721365
139,46001984,IFR,2002/07/12 00:00:00+00,LTG,250,-82.66223686433084,52.74424433888457
140,46002021,IFR,2002/07/14 00:00:00+00,LTG,100,-93.37234495682763,52.72142702670751
141,46002012,IFR,2002/07/13 00:00:00+00,LTG,3923,-93.2536634519198,52.63971900237168
142,46002030,IFR,2002/07/16 00:00:00+00,LTG,162,-93.58544814031822,52.38050079386305
143,46002036,IFR,2002/07/04 00:00:00+00,LTG,150,-90.64452486010137,52.20080073197038
144,46002002,IFR,2002/07/08 00:00:00+00,LTG,60,-87.84800244950145,52.12868094513551
145,46002004,IFR,2002/07/09 00:00:00+00,LTG,2350,-86.58297955388339,52.11967141980394
146,46002028,IFR,2002/07/15 00:00:00+00,LTG,531,-93.15060115178026,51.802095463215906
147,46001995,IFR,2002/07/18 00:00:00+00,LTG,125,-88.6552633108557,53.953194166758514
148,46002037,IFR,2002/06/28 00:00:00+00,LTG,335,-90.36219383753485,53.91219912032697
149,46002045,IFR,2002/07/15 00:00:00+00,LTG,80,-91.82945341321773,53.89802043800371
150,46002044,IFR,2002/07/12 00:00:00+00,LTG,4400,-91.54329017220883,53.812689742398916
151,46002000,IFR,2002/07/05 00:00:00+00,LTG,200,-88.94618611057703,53.81380062479997
152,46002032,IFR,2002/07/15 00:00:00+00,LTG,1229,-92.8927119273532,53.76859900116483
153,46001999,IFR,2002/07/04 00:00:00+00,LTG,150,-88.99478922803007,53.74949752190211
154,46002041,IFR,2002/07/06 00:00:00+00,LTG,95,-91.76521922029606,53.64132606180838
155,46002039,IFR,2002/07/05 00:00:00+00,LTG,10000,-90.91405156163806,53.59904802327257
156,46002023,IFR,2002/06/24 00:00:00+00,LTG,14654,-92.74630352243115,53.48472086709403
157,46002018,IFR,2002/07/14 00:00:00+00,LTG,70,-94.05723650617666,53.414726322013514
158,46002017,IFR,2002/07/13 00:00:00+00,LTG,70,-94.05977274400902,53.40369942957805
159,46001987,IFR,2002/07/15 00:00:00+00,LTG,100,-84.55571758600239,53.40146042746205
160,46001997,IFR,2002/07/01 00:00:00+00,LTG,2600,-87.83053707088418,53.364033214815244
161,46002007,IFR,2002/07/13 00:00:00+00,LTG,300,-86.20700531508312,53.19984001912193
162,46002016,IFR,2002/07/13 00:00:00+00,LTG,3070,-93.95492132702847,53.045493857048264
163,46002014,IFR,2002/07/13 00:00:00+00,LTG,4536,-93.56086050461525,52.87316516170431
164,46001982,IFR,2002/07/01 00:00:00+00,LTG,80,-85.01079025438517,52.67267180031647
165,46001985,IFR,2002/07/20 00:00:00+00,LTG,561,-82.97164317308241,52.16681308265933
166,46002027,IFR,2002/07/15 00:00:00+00,LTG,2112,-92.48528785896637,52.04256435261041
167,46002035,IFR,2002/06/30 00:00:00+00,MIS,589,-90.13603939148575,51.48410965042046
168,46001979,IFR,2002/06/25 00:00:00+00,LTG,749,-83.46955633700836,51.42392723269247
169,46001989,IFR,2002/07/13 00:00:00+00,LTG,100,-85.23744839057929,51.06664976349255
170,46001807,IFR,1998/06/20 00:00:00+00,LTG,200,-81.12512868439006,50.75279164596929
171,46001918,IFR,1999/08/30 00:00:00+00,LTG,100,-84.04413392597372,53.24427753006548
172,46001870,IFR,1998/07/07 00:00:00+00,LTG,80,-89.9379569531777,53.568286248212786
173,46001947,IFR,1999/05/28 00:00:00+00,IDF,450,-92.57875818069748,50.8039280067204
174,46001915,IFR,1999/08/18 00:00:00+00,LTG,300,-83.12298397673864,52.71723993225496
175,46001973,OFR,1999/06/05 00:00:00+00,LTG,400,-88.67495625913665,54.9658791660575
176,46001835,IFR,1998/07/05 00:00:00+00,LTG,65,-88.98848301961642,53.66878480064994
177,46001823,IFR,1998/03/31 00:00:00+00,INC,160,-94.53319092756493,48.7601816236341
178,46001808,IFR,1998/06/23 00:00:00+00,LTG,430,-84.04452812055128,53.71029004486164
179,46001844,IFR,1998/07/09 00:00:00+00,LTG,400,-88.87299010994376,52.377359610659006
180,46001810,IFR,1998/06/24 00:00:00+00,LTG,10000,-85.16913809192936,52.198652271601304
181,46001827,IFR,1998/06/21 00:00:00+00,LTG,2454,-86.98825776579724,49.116964455932376
182,46001878,IFR,1998/07/08 00:00:00+00,LTG,509,-90.36094538251541,52.530143392247126
183,46001899,IFR,1998/07/10 00:00:00+00,LTG,135,-88.90787131365461,49.629935793055836
184,46001885,IFR,1998/08/06 00:00:00+00,LTG,950,-89.80971944377652,51.84858456816554
185,46001804,IFR,1998/06/09 00:00:00+00,REC,75,-82.5382109926622,52.94832924650628
186,46001919,IFR,1999/08/30 00:00:00+00,LTG,200,-83.30269828368444,53.35586422661538
187,46001877,IFR,1998/07/09 00:00:00+00,LTG,105,-89.29649972936097,53.112321794752354
188,46001951,IFR,1999/04/23 00:00:00+00,RES,115,-83.66209496926943,46.36738105297449
189,46001872,IFR,1998/07/08 00:00:00+00,LTG,1000,-89.06348175201076,51.99939098105669
190,46001865,IFR,1998/04/10 00:00:00+00,RES,50,-84.10267214839126,46.41187192816091
191,46001887,IFR,1998/07/04 00:00:00+00,LTG,125,-91.51189327702107,53.88133651384358
192,46001817,IFR,1998/07/06 00:00:00+00,LTG,1500,-85.0021473770517,52.65054364685253
193,46001932,IFR,1999/05/28 00:00:00+00,REC,4000,-88.44212253233384,51.716178204214266
194,46001931,IFR,1999/05/05 00:00:00+00,LTG,2000,-88.96960047712452,51.93253808986388
195,46001939,IFR,1999/06/13 00:00:00+00,LTG,900,-87.83584530409468,53.70599986476575
196,46001876,IFR,1998/07/08 00:00:00+00,LTG,150,-89.64315253630691,53.200731562158865
197,46001960,IFR,1999/05/27 00:00:00+00,LTG,227,-90.55819074824863,52.37172805679419
198,46001857,IFR,1998/04/13 00:00:00+00,RWY,40,-78.79449847387954,46.2763518810262
199,46001875,IFR,1998/07/08 00:00:00+00,LTG,200,-91.7733519830547,53.910304821424425
200,46001864,IFR,1998/08/10 00:00:00+00,LTG,140,-93.6936753491019,52.470457087183156
201,46001950,IFR,1999/08/25 00:00:00+00,LTG,9190,-95.09402805026969,52.52753953923738
202,46001881,IFR,1998/07/10 00:00:00+00,LTG,60,-90.59609374512664,52.03823623261953
203,46001935,IFR,1999/06/13 00:00:00+00,LTG,1200,-88.22863720304765,53.75410348993171
204,46001879,IFR,1998/07/08 00:00:00+00,LTG,300,-91.38255915204344,53.82049714593995
205,46001895,IFR,1998/07/06 00:00:00+00,LTG,40,-89.67822000546154,52.72734372727143
206,46001902,IFR,1998/06/13 00:00:00+00,LTG,4170,-89.56622084476966,50.749100641190054
207,46001922,IFR,1999/08/29 00:00:00+00,LTG,300,-84.62490406794231,52.252049782670106
208,46001930,IFR,1999/05/02 00:00:00+00,RES,30070,-88.09796763976753,49.64951461137076
209,46001800,IFR,1998/04/27 00:00:00+00,UNK,40,-78.75589445659594,44.69649275358
210,46001923,IFR,1999/05/06 00:00:00+00,LTG,50,-82.87154107029795,52.99450699822058
211,46001941,IFR,1999/08/26 00:00:00+00,LTG,80,-87.37356577924548,52.069006513993195
212,46001971,IFR,1999/05/29 00:00:00+00,LTG,900,-89.93072539812627,49.381663701965195
213,46001916,IFR,1999/08/14 00:00:00+00,LTG,500,-82.91656934799208,51.3735283405856
214,46001833,IFR,1998/07/05 00:00:00+00,LTG,900,-88.54371017031778,53.73965701327198
215,46001891,IFR,1998/07/05 00:00:00+00,LTG,250,-90.74298502617712,53.17935647428888
216,46001837,IFR,1998/07/05 00:00:00+00,LTG,700,-88.08079963240512,53.512267480613346
217,46001861,IFR,1998/07/07 00:00:00+00,LTG,1180,-93.73389123295495,53.603938015427374
218,46001805,IFR,1998/06/11 00:00:00+00,REC,175,-80.36866746577519,50.3059497160137
219,46001806,IFR,1998/06/11 00:00:00+00,LTG,1400,-82.9216407600943,51.848379480174565
220,46001966,IFR,1999/08/20 00:00:00+00,LTG,150,-90.27460375616903,53.1084471826568
221,46001974,OFR,1999/06/09 00:00:00+00,REC,150,-87.7015805755255,56.0720331492115
222,46001944,IFR,1999/05/02 00:00:00+00,MIS,75,-79.55477062613753,45.28032449218882
223,46001955,IFR,1999/05/03 00:00:00+00,RES,993,-90.29833281940799,51.039665446505026
224,46001963,IFR,1999/05/28 00:00:00+00,LTG,1205,-89.2247464478263,52.240386021552816
225,46001831,IFR,1998/07/05 00:00:00+00,LTG,200,-88.41248619842762,53.723572282075715
226,46001867,IFR,1998/07/07 00:00:00+00,LTG,1200,-90.94756421746422,53.58662448230804
227,46001815,IFR,1998/07/07 00:00:00+00,LTG,2450,-81.36144548699579,51.671456431345035
228,46001849,IFR,1998/07/17 00:00:00+00,LTG,3200,-87.03069079941092,49.01986737124441
229,46001842,IFR,1998/07/09 00:00:00+00,LTG,60,-88.56372051931959,52.31199717158369
230,46001904,IFR,1998/05/18 00:00:00+00,LTG,193,-81.65840861067963,48.26600732185063
231,46001832,IFR,1998/07/05 00:00:00+00,LTG,70,-88.4369113464253,53.70613406820331
232,46001936,IFR,1999/06/15 00:00:00+00,LTG,220,-85.99067486676081,50.84134809708446
233,46001830,IFR,1998/07/05 00:00:00+00,LTG,80,-88.56954550983453,53.51161384659896
234,46001880,IFR,1998/07/09 00:00:00+00,LTG,40,-89.48133411676052,53.07909765669448
235,46001825,IFR,1998/07/13 00:00:00+00,LTG,50,-84.0028203090628,50.19461262373399
236,46001949,IFR,1999/08/26 00:00:00+00,REC,5278,-92.26651224882188,51.28468074864351
237,46001892,IFR,1998/07/05 00:00:00+00,LTG,100,-89.16282714347837,53.48467993982665
238,46001907,IFR,1998/05/18 00:00:00+00,LTG,17597,-86.43715479147544,49.39474109987493
239,46001903,IFR,1998/06/14 00:00:00+00,LTG,7400,-89.93273253722057,50.15501654201065
240,46001883,IFR,1998/07/11 00:00:00+00,LTG,50,-89.34028265756999,52.58474972913379
241,46001938,IFR,1999/06/13 00:00:00+00,LTG,160,-87.21033824879463,53.16168820669857
242,46001909,IFR,1998/04/28 00:00:00+00,MIS,543,-86.12244629042306,49.64200714278921
243,46001937,IFR,1999/06/24 00:00:00+00,REC,75,-85.91832484418592,51.54292593504401
244,46001851,IFR,1998/05/19 00:00:00+00,LTG,2426,-87.82735170789674,48.83091318179002
245,46001839,IFR,1998/07/08 00:00:00+00,LTG,500,-87.46283434554789,52.63256665288228
246,46001943,IFR,1999/05/08 00:00:00+00,LTG,88,-79.39965079735494,46.86530423949405
247,46001917,IFR,1999/08/29 00:00:00+00,LTG,1300,-83.67138757527114,52.26123161967321
248,46001862,IFR,1998/07/09 00:00:00+00,LTG,80,-92.83552003744309,53.45153607454745
249,46001940,IFR,1999/08/27 00:00:00+00,MIS,1044,-85.62612293592997,49.855909856881496
250,46001913,IFR,1999/07/19 00:00:00+00,LTG,50,-80.69255334835202,50.75465736814823
251,46001953,IFR,1999/05/02 00:00:00+00,RES,89996,-90.66208574987171,54.12303482225805
252,46001911,IFR,1999/06/18 00:00:00+00,LTG,100,-82.36238183914259,53.57250497123835
253,46001901,IFR,1998/06/13 00:00:00+00,LTG,2972,-89.31374294526643,50.76454423887001
254,46001854,IFR,1998/06/14 00:00:00+00,LTG,367,-85.6699076887752,49.7781337934856
255,46001929,IFR,1999/08/20 00:00:00+00,LTG,100,-85.54800109294663,53.27264377119993
256,46001948,IFR,1999/05/30 00:00:00+00,LTG,4420,-93.09003845417458,53.5141630125659
257,46001972,IFR,1999/05/03 00:00:00+00,RWY,36636,-85.44658981278306,48.77445242406519
258,46001873,IFR,1998/07/07 00:00:00+00,LTG,100,-91.71701979218858,53.76738235312565
259,46001926,IFR,1999/06/23 00:00:00+00,MIS,152,-76.13413266919869,45.25320983196468
260,46001846,IFR,1998/07/16 00:00:00+00,LTG,3000,-87.68680308276747,48.78234782923567
261,46001863,IFR,1998/07/17 00:00:00+00,LTG,375,-94.43623979507932,52.288660115536864
262,46001855,IFR,1998/06/14 00:00:00+00,LTG,83,-85.75541088795003,50.16025896684123
263,46001869,IFR,1998/07/07 00:00:00+00,LTG,1500,-90.0009496689287,53.58129833446065
264,46001836,IFR,1998/07/05 00:00:00+00,LTG,6124,-88.74824083978271,53.41893335568443
265,46001934,IFR,1999/05/17 00:00:00+00,LTG,340,-87.63646519345853,53.854625939168564
266,46001845,IFR,1998/07/09 00:00:00+00,LTG,100,-88.69982631294984,53.77467339026299
267,46001809,IFR,1998/06/30 00:00:00+00,LTG,385,-83.0151875296424,52.92436414337774
268,46001928,IFR,1999/08/28 00:00:00+00,LTG,100,-88.14670255692954,53.338264965592586
269,46001975,OFR,1999/06/19 00:00:00+00,LTG,3600,-83.26211415430572,54.063759598308565
270,46001828,IFR,1998/06/30 00:00:00+00,LTG,212,-86.80932525121457,52.54240100944613
271,46001816,IFR,1998/07/06 00:00:00+00,LTG,425,-84.29502313300777,53.89060954621663
272,46001976,OFR,1999/08/29 00:00:00+00,LTG,75,-89.11428573726103,54.11505139984435
273,46001886,IFR,1998/07/04 00:00:00+00,LTG,60,-92.06921498511798,53.683550362497144
274,46001894,IFR,1998/07/05 00:00:00+00,LTG,60,-89.62068775195144,52.620526299749905
275,46001969,IFR,1999/08/31 00:00:00+00,LTG,700,-88.97144211667141,53.85762414615425
276,46001850,IFR,1998/07/23 00:00:00+00,LTG,110,-88.320598572005,48.570222616428566
277,46001834,IFR,1998/07/05 00:00:00+00,LTG,200,-88.85783092799238,53.753252352584
278,46001889,IFR,1998/07/05 00:00:00+00,LTG,1000,-89.23559274592034,53.974951323511746
279,46001871,IFR,1998/07/08 00:00:00+00,LTG,1530,-89.02571037622192,52.16600748307205
280,46001868,IFR,1998/07/07 00:00:00+00,LTG,4300,-89.96532959291686,53.551404870064204
281,46001914,IFR,1999/06/23 00:00:00+00,LTG,300,-83.42736050096146,53.078974048442035
282,46001801,IFR,1998/05/18 00:00:00+00,LTG,507,-83.80158198834945,47.67098147366599
283,46001853,IFR,1998/05/18 00:00:00+00,LTG,1000,-88.67053341527348,49.85976931678058
284,46001856,IFR,1998/06/15 00:00:00+00,LTG,302,-86.29840486074849,50.04007796052544
285,46001920,IFR,1999/08/29 00:00:00+00,LTG,500,-82.72750018332954,53.4386222077838
286,46001852,IFR,1998/05/18 00:00:00+00,LTG,700,-88.69538491440265,49.897566672658634
287,46001888,IFR,1998/07/04 00:00:00+00,LTG,5875,-91.53145848273601,53.88391293054303
288,46001925,IFR,1999/05/03 00:00:00+00,IDF,65,-84.59604330384863,49.41294205348721
289,46001964,IFR,1999/05/28 00:00:00+00,LTG,3728,-89.28599564512352,52.37549319117563
290,46001933,IFR,1999/05/29 00:00:00+00,LTG,700,-87.98838466148263,52.31535354265261
291,46001843,IFR,1998/07/09 00:00:00+00,LTG,275,-88.50395494387102,52.316384389774555
292,46001905,IFR,1998/05/02 00:00:00+00,IDF,40,-81.30956029690012,48.51186225383597
293,46001945,IFR,1999/04/30 00:00:00+00,MIS,1119,-77.50398320478145,45.937337719102935
294,46001958,IFR,1999/05/28 00:00:00+00,LTG,19676,-90.0220874947181,52.18306422436205
295,46001884,IFR,1998/07/12 00:00:00+00,LTG,60,-90.59297499694102,52.02850233091042
296,46001897,IFR,1998/07/06 00:00:00+00,LTG,500,-90.65020577977205,52.70688059327234
297,46001956,IFR,1999/05/24 00:00:00+00,MIS,5416,-89.26701013810587,52.7327920296315
298,46001927,IFR,1999/04/30 00:00:00+00,IDF,50540,-88.72310246657587,49.33782361976419
299,46001874,IFR,1998/07/08 00:00:00+00,LTG,60,-90.9941419197601,53.444768730295856
300,46001967,IFR,1999/08/20 00:00:00+00,LTG,150,-91.1411521011319,51.59340985155498
301,46001912,IFR,1999/06/19 00:00:00+00,LTG,50,-84.34282333786362,53.87282791428199
302,46001811,IFR,1998/07/04 00:00:00+00,LTG,120,-82.77907948538925,52.96079296157774
303,46001959,IFR,1999/05/28 00:00:00+00,LTG,2600,-90.21508920771144,52.3444430922264
304,46001961,IFR,1999/05/29 00:00:00+00,LTG,5592,-90.64800129088484,52.387839475205844
305,46001954,IFR,1999/05/02 00:00:00+00,INC,2564,-90.24963716271593,51.33671147690745
306,46001859,IFR,1998/06/23 00:00:00+00,REC,50,-93.61737601029394,53.0272354569788
307,46001821,IFR,1998/08/25 00:00:00+00,LTG,70,-82.8711438117531,50.490470469802425
308,46001814,IFR,1998/07/09 00:00:00+00,LTG,3000,-82.35617277206788,52.25163353549305
309,46001802,IFR,1998/05/23 00:00:00+00,REC,500,-81.83616484445325,52.17243900826178
310,46001841,IFR,1998/07/06 00:00:00+00,LTG,75,-87.52350889867218,53.334055905170054
311,46001957,IFR,1999/05/29 00:00:00+00,LTG,1300,-90.52507386382494,51.79313011036083
312,46001847,IFR,1998/05/18 00:00:00+00,LTG,551,-87.09498102173443,49.26025262554149
313,46001970,IFR,1999/09/05 00:00:00+00,REC,110,-81.59203137756363,46.63363724664478
314,46001826,IFR,1998/08/03 00:00:00+00,LTG,240,-83.28470731314054,50.45899041937557
315,46001910,IFR,1999/04/25 00:00:00+00,RWY,19376,-83.14342580711921,47.79095169955946
316,46001803,IFR,1998/05/23 00:00:00+00,LTG,520,-82.67716847959449,51.937295742229054
317,46001824,IFR,1998/04/23 00:00:00+00,MIS,75,-92.51394972765453,48.52482801835691
318,46001898,IFR,1998/07/13 00:00:00+00,LTG,45,-89.06837331155222,50.66355422361146
319,46001962,IFR,1999/05/29 00:00:00+00,LTG,4930,-90.57515765569354,51.77186390315726
320,46001858,IFR,1998/04/25 00:00:00+00,INC,75,-77.16405242995997,44.618423736650755
321,46001822,IFR,1998/03/30 00:00:00+00,INC,700,-94.59991915101902,48.82873950233431
322,46001813,IFR,1998/07/10 00:00:00+00,LTG,8000,-82.39804768299864,52.35729659956779
323,46001952,IFR,1999/04/25 00:00:00+00,UNK,100,-83.3822069442173,46.872959490560326
324,46001908,IFR,1998/07/11 00:00:00+00,IDF,873,-85.10068283451788,48.964294918703246
325,46001896,IFR,1998/07/05 00:00:00+00,LTG,300,-91.35508803232977,53.642457228806094
326,46001965,IFR,1999/06/18 00:00:00+00,LTG,10800,-90.4720568462149,53.80365668475471
327,46001818,IFR,1998/07/12 00:00:00+00,LTG,450,-84.48967831361539,50.508750210121796
328,46001829,IFR,1998/06/29 00:00:00+00,LTG,1300,-87.3355466935638,52.26150360909587
329,46001866,IFR,1998/07/07 00:00:00+00,LTG,1400,-90.10121002065999,51.89264759356565
330,46001924,IFR,1999/04/25 00:00:00+00,INC,425,-94.52948027138791,48.76513692300719
331,46001942,IFR,1999/05/02 00:00:00+00,MIS,76,-79.79606983761437,47.03646662891879
332,54029077,OFR,2003/07/05 00:00:00+00,LTG,700,-91.98610450228419,53.98825340999521
333,54029074,OFR,2003/08/15 00:00:00+00,LTG,120,-88.42392230574727,55.311030246745396
334,54029082,PB,2003/04/17 00:00:00+00,MIS,101,-83.08559977100126,42.27312083029319
335,54029079,IFR,2003/07/20 00:00:00+00,LTG,1250,-84.89149634926812,53.910971291034066
336,54033403,IFR,2003/08/16 00:00:00+00,LTG,315,-87.55248591905678,52.561393522975884
337,54033408,IFR,2003/06/18 00:00:00+00,LTG,9500,-92.0451213288416,52.28805412583887
338,54035857,IFR,2003/06/20 00:00:00+00,IDF,5783,-84.5198568996702,48.92322762417892
339,54033400,IFR,2003/07/15 00:00:00+00,LTG,70,-87.27381456310923,53.33952317109796
340,54035848,IFR,2003/06/13 00:00:00+00,LTG,26441,-86.17081930363791,49.37663939910345
341,54035856,IFR,2003/06/20 00:00:00+00,REC,896,-91.2325975068401,49.235428388147746
342,54035731,IFR,2003/06/18 00:00:00+00,LTG,32592,-91.58146382294504,51.499501631163504
343,54033388,IFR,2003/07/23 00:00:00+00,LTG,50,-85.35896284122643,53.7888137848246
344,54033410,IFR,2003/06/18 00:00:00+00,LTG,16000,-89.84862518318448,52.22308957140419
345,54033418,IFR,2003/04/09 00:00:00+00,RES,60,-92.95271371448592,49.827498586166286
346,54035623,IFR,2003/06/15 00:00:00+00,LTG,34311,-93.58731481456573,53.744229034408065
347,54033419,IFR,2003/04/30 00:00:00+00,MIS,200,-94.54221770050549,48.80457149557359
348,54035832,IFR,2003/06/20 00:00:00+00,LTG,807,-87.61911196766104,49.9175994824209
349,54033387,IFR,2003/08/16 00:00:00+00,LTG,60,-93.15000882509473,53.80644024430501
350,54035840,IFR,2003/08/17 00:00:00+00,UNK,471,-94.78389765064185,49.87983310945038
351,54029072,OFR,2003/08/15 00:00:00+00,LTG,90,-88.36652695638067,55.872356191509574
352,54029076,OFR,2003/08/15 00:00:00+00,LTG,400,-84.15846020146805,54.165806703748615
353,54029080,IFR,2003/06/30 00:00:00+00,LTG,750,-81.58851657816716,51.905470329499785
354,54029081,IFR,2003/07/12 00:00:00+00,LTG,75,-83.94407094718949,50.56611972204769
355,54029073,OFR,2003/06/28 00:00:00+00,LTG,2500,-86.77067494950332,55.474818280629144
356,54035718,IFR,2003/06/22 00:00:00+00,LTG,92,-95.11067756072927,52.14312624032576
357,54033270,IFR,2003/06/15 00:00:00+00,UNK,220,-87.78137705774071,51.641735876549426
358,54033391,IFR,2003/06/24 00:00:00+00,LTG,3400,-90.78389470261368,53.63863852389262
359,54033265,IFR,2003/06/18 00:00:00+00,LTG,1014,-89.53033427501842,53.8784931799636
360,54035828,IFR,2003/05/16 00:00:00+00,RWY,52,-90.85844074856848,50.24399789418499
361,54035861,IFR,2003/05/05 00:00:00+00,REC,90,-82.70806634425806,46.24853897936185
362,54033405,IFR,2003/08/08 00:00:00+00,LTG,550,-87.36138952083458,52.48031833440061
363,54033390,IFR,2003/08/16 00:00:00+00,LTG,650,-93.37893591814807,53.739014315102864
364,54035737,IFR,2003/06/17 00:00:00+00,LTG,135,-93.53977897801376,51.46160472064273
365,54035846,IFR,2003/06/18 00:00:00+00,LTG,80,-93.20323129137368,49.573887491066955
366,46001860,IFR,1998/06/25 00:00:00+00,LTG,1800,-92.56688365853348,53.829391366155456
367,46001906,IFR,1998/04/13 00:00:00+00,MIS,100,-85.55532949200065,48.725140786499594
368,46001946,IFR,1999/04/30 00:00:00+00,MIS,1817,-77.53092180832576,45.901485981781235
369,54029075,OFR,2003/06/17 00:00:00+00,LTG,1000,-90.14010866571259,54.434931405080086
370,46001977,OFR,1999/05/15 00:00:00+00,LTG,12500,-88.6134020927547,55.94691453559532
371,46001890,IFR,1998/07/05 00:00:00+00,LTG,1000,-89.1576024567034,53.90843081246348
372,54035752,IFR,2003/06/17 00:00:00+00,LTG,30387,-91.82677695574183,50.33215595996529
373,54033268,IFR,2003/06/18 00:00:00+00,LTG,27091,-94.19320511763058,53.01796096685755
374,54035721,IFR,2003/06/18 00:00:00+00,LTG,31477,-90.874578885433,51.69466150643376
375,54033397,IFR,2003/08/20 00:00:00+00,LTG,80,-89.36327427003137,53.58882489027395
376,54035693,IFR,2003/06/05 00:00:00+00,LTG,82027,-88.79437291075345,53.33356802424387
377,54033401,IFR,2003/07/16 00:00:00+00,LTG,50,-87.44785642495619,53.34269987572755
378,54033272,IFR,2003/05/03 00:00:00+00,RES,99,-93.77399652299705,48.74582518696644
379,54035829,IFR,2003/05/25 00:00:00+00,RWY,214,-88.07161950464587,50.22759119261631
380,54033266,IFR,2003/06/18 00:00:00+00,LTG,107,-89.54137433821583,53.7756668135244
381,54033386,IFR,2003/08/11 00:00:00+00,LTG,300,-90.67674909577295,53.891441599536975
382,54035860,IFR,2003/05/19 00:00:00+00,RWY,172,-79.8954612817207,47.9604716493846
383,54035858,IFR,2003/05/06 00:00:00+00,REC,103,-80.14047867649744,48.595202154079466
384,54033402,IFR,2003/07/19 00:00:00+00,LTG,650,-92.84925177976862,52.71931953116213
385,54033399,IFR,2003/08/16 00:00:00+00,LTG,150,-87.65108782130261,53.53112548670062
386,54035859,IFR,2003/05/08 00:00:00+00,RES,50,-89.81979422687968,48.3596927522547
387,54035845,IFR,2003/06/19 00:00:00+00,LTG,746,-85.74116212081654,49.5497298109964
388,66519940,IFR,2004/04/24 00:00:00+00,INC,1230,-94.58991197414623,48.83547453929154
389,66519941,IFR,2004/09/30 00:00:00+00,IDF,72,-80.11131771499893,48.62543933369318
390,67227643,IFR,2005/06/28 00:00:00+00,LTG,50,-83.90959814781878,54.0258340477714
391,67227644,IFR,2005/07/13 00:00:00+00,LTG,250,-83.57801152615411,53.128770376731985
392,67227645,IFR,2005/07/15 00:00:00+00,LTG,200,-84.76628117900496,50.770687782820914
393,67340385,IFR,2005/07/23 00:00:00+00,RWY,1428,-88.76559055930413,50.27473053732112
394,67340394,IFR,2005/08/10 00:00:00+00,LTG,48,-83.79697006139558,49.407244085371644
395,67340398,IFR,2005/07/13 00:00:00+00,LTG,3200,-80.77215586649676,48.304469648450784
396,67340401,IFR,2005/07/17 00:00:00+00,LTG,60,-82.92022258388648,48.29974720031768
397,67340402,IFR,2005/07/21 00:00:00+00,LTG,430,-91.6535089922411,48.29081777496781
398,67340403,IFR,2005/05/26 00:00:00+00,RES,449,-82.1996401643883,48.210225940828394
399,67340405,IFR,2005/08/01 00:00:00+00,LTG,213,-91.36310805449875,48.185267376922404
400,67340408,IFR,2005/05/26 00:00:00+00,RWY,440,-81.79723471977391,47.78911032015378
401,67340677,IFR,2005/08/07 00:00:00+00,LTG,325,-88.43151057237853,51.48285495292601
402,67340412,PB,2005/04/17 00:00:00+00,MIS,84,-81.84741288489032,42.280908471934566
403,67340390,IFR,2005/05/26 00:00:00+00,RWY,350,-81.14986334367669,49.474751848777274
404,67340406,IFR,2005/07/31 00:00:00+00,LTG,84,-91.17237656438252,48.13627492375629
405,67340378,IFR,2005/06/19 00:00:00+00,LTG,13623,-87.90659857604197,50.55682722212885
406,67340395,IFR,2005/07/24 00:00:00+00,LTG,134,-88.5013282930271,49.06351056548734
407,67340388,IFR,2005/08/05 00:00:00+00,LTG,4400,-88.62843369480244,49.605401466422315
408,67340410,PB,2005/04/12 00:00:00+00,MIS,46,-80.88945271171636,46.22682543602689
409,67340381,IFR,2005/07/23 00:00:00+00,LTG,429,-88.72908495519171,50.581422453599906
410,67340393,IFR,2005/08/03 00:00:00+00,LTG,6000,-89.85164342974792,49.39029881870059
411,67340374,IFR,2005/08/03 00:00:00+00,LTG,1574,-89.6845113429355,50.62203382453949
412,67340386,IFR,2005/08/03 00:00:00+00,LTG,2326,-89.66621534928716,50.18760159171336
413,67340399,IFR,2005/07/17 00:00:00+00,LTG,67,-81.9388342097633,48.31941696171253
414,67340861,IFR,2005/06/18 00:00:00+00,LTG,200,-81.36908560715632,51.69130039443545
415,66520051,PB,2004/04/29 00:00:00+00,MIS,80,-81.84740716791391,42.280824206383414
416,66520048,PB,2004/04/13 00:00:00+00,MIS,120,-80.87248545552809,46.23616005088573
417,67227641,IFR,2005/07/07 00:00:00+00,LTG,700,-85.54101830549212,55.13768953897002
418,67227642,IFR,2005/07/14 00:00:00+00,LTG,1500,-85.4767390996871,54.55792556629997
419,67227646,IFR,2005/07/12 00:00:00+00,LTG,2000,-79.6494515859225,50.63099351801829
420,67227647,PB,2005/10/04 00:00:00+00,MIS,44,-82.64760509010051,41.7488906337952
421,67340369,IFR,2005/08/06 00:00:00+00,LTG,100,-91.3583952142653,53.07016499394531
422,67340370,IFR,2005/07/11 00:00:00+00,LTG,111,-89.54126060238555,52.325368658286784
423,67340371,IFR,2005/08/08 00:00:00+00,LTG,65,-87.36220965293087,51.158237960433006
424,54035743,IFR,2003/06/22 00:00:00+00,LTG,250,-89.7758210855334,50.81578649382173
425,54033385,IFR,2003/07/01 00:00:00+00,LTG,500,-91.75747910598545,53.917368533985275
426,46001968,IFR,1999/08/31 00:00:00+00,LTG,1000,-89.31944396393354,53.67556580397747
427,54033392,IFR,2003/08/17 00:00:00+00,LTG,900,-93.74800954273634,53.614462722659546
428,54033415,IFR,2003/07/10 00:00:00+00,LTG,900,-91.53252921372226,52.0217339285154
429,54033271,IFR,2003/06/21 00:00:00+00,LTG,700,-86.47668404688667,51.40150865594777
430,54033269,IFR,2003/07/23 00:00:00+00,LTG,150,-86.43836006778434,51.75765352737359
431,67527723,IFR,2006/09/17 00:00:00+00,LTG,52,-84.57063112829385,47.16068000020433
432,67527724,IFR,2006/05/09 00:00:00+00,RES,86,-80.30757419422976,46.50059695236934
433,67527725,OFR,2006/03/31 00:00:00+00,REC,100,-79.51943350447827,44.185813878987176
434,67527726,PB,2006/04/18 00:00:00+00,MIS,54,-81.85560909189778,43.243382897005205
435,67926745,IFR,2007/07/22 00:00:00+00,LTG,300,-87.22993489093773,55.55614085122917
436,67926742,IFR,2007/07/22 00:00:00+00,LTG,40,-88.42485686810976,56.54567228319212
437,67926743,IFR,2007/07/23 00:00:00+00,LTG,40,-88.28344334533367,56.25968389090661
438,67926746,IFR,2007/07/22 00:00:00+00,LTG,60,-85.84050735096748,55.31016548153587
439,67926747,IFR,2007/07/23 00:00:00+00,LTG,500,-87.62035184642968,55.28154067338835
440,67926748,IFR,2007/07/24 00:00:00+00,LTG,600,-87.49535856376818,55.23175913730008
441,67926749,IFR,2007/07/30 00:00:00+00,LTG,50,-87.88707975968492,55.24056312128239
442,67926750,IFR,2007/07/22 00:00:00+00,LTG,100,-87.4340508101534,55.233090398934145
443,67926751,IFR,2007/07/24 00:00:00+00,LTG,1000,-87.82439157367139,54.94680088704829
444,67926752,IFR,2007/07/15 00:00:00+00,LTG,275,-86.14108992472218,54.88745665416528
445,67926753,IFR,2007/07/25 00:00:00+00,LTG,500,-84.41183779242014,54.279374888497955
446,67926754,IFR,2007/06/08 00:00:00+00,LTG,1400,-92.92170317222977,54.22413809881076
447,67926755,IFR,2007/06/17 00:00:00+00,LTG,900,-84.07467476796964,53.30762880841742
448,67926756,IFR,2007/06/11 00:00:00+00,LTG,100,-82.14710054899246,52.37542322340488
449,67926757,IFR,2007/07/24 00:00:00+00,IDF,52,-87.9976180129641,50.57022329070488
450,67926758,IFR,2007/06/12 00:00:00+00,LTG,55,-86.20258677399667,50.463924006131315
451,67926760,IFR,2007/04/29 00:00:00+00,RWY,42,-93.62517357687618,49.812257556142804
452,67926763,IFR,2007/08/02 00:00:00+00,REC,165,-93.6185775608747,49.434477714014335
453,67527699,IFR,2006/09/07 00:00:00+00,LTG,110,-86.95560205263307,49.18425206814483
454,67527700,IFR,2006/09/07 00:00:00+00,LTG,50,-90.86563549024581,49.17392705733309
455,67527701,IFR,2006/09/11 00:00:00+00,LTG,464,-86.7879839988321,49.14167359327493
456,67527702,IFR,2006/09/12 00:00:00+00,LTG,841,-86.84739167913027,49.1422268216301
457,67527703,IFR,2006/09/07 00:00:00+00,LTG,163,-87.03967731390163,49.10255959498039
458,67527704,IFR,2006/09/07 00:00:00+00,LTG,121,-87.50213402882764,49.1079984562005
459,67527705,IFR,2006/09/08 00:00:00+00,LTG,71,-88.91009768726528,49.08996620911926
460,67527706,IFR,2006/09/07 00:00:00+00,LTG,746,-87.45279430003055,49.05218855987904
461,67527707,IFR,2006/09/11 00:00:00+00,LTG,595,-87.11458846257594,49.05539474542866
462,67527646,IFR,2006/06/16 00:00:00+00,LTG,8390,-94.7313467980454,52.25443162354291
463,67527647,IFR,2006/09/01 00:00:00+00,LTG,493,-94.75528663482189,52.254140391943494
464,67527648,IFR,2006/07/04 00:00:00+00,LTG,537,-95.08945727858541,52.16460715892687
465,67527645,IFR,2006/09/02 00:00:00+00,LTG,80,-94.29925051151956,52.323090036596014
466,67527649,IFR,2006/08/11 00:00:00+00,LTG,1295,-87.41164572871644,52.05845371310997
467,67527650,IFR,2006/06/27 00:00:00+00,LTG,550,-91.3427801275643,52.023278879581405
468,67527651,IFR,2006/06/08 00:00:00+00,RES,800,-87.77547160608347,51.61437367121156
469,67527652,IFR,2006/07/13 00:00:00+00,LTG,636,-88.28949922305114,51.07252823765326
470,71294554,IFR,2010/06/12 00:00:00+00,LTG,410,-87.89224913978141,56.137207820815746
471,71294555,IFR,2010/07/15 00:00:00+00,LTG,40,-83.21320046969473,53.28297284921269
472,67926766,IFR,2007/05/08 00:00:00+00,RWY,44,-88.63754758860402,48.693852155324336
473,67926767,IFR,2007/05/23 00:00:00+00,REC,58,-80.88497113716556,48.58859122071615
474,71294556,IFR,2010/07/10 00:00:00+00,LTG,400,-83.55897952913479,53.26958663020248
475,67926770,IFR,2007/05/19 00:00:00+00,REC,525,-81.63547478449262,46.88322375506121
476,67926771,IFR,2007/05/13 00:00:00+00,MIS,1555,-83.29570717923518,46.81525774205474
477,67926772,IFR,2007/05/08 00:00:00+00,MIS,250,-77.47045150991549,45.918856185158916
478,71294557,IFR,2010/05/19 00:00:00+00,LTG,66,-84.35033075993744,53.026344061284036
479,71294558,IFR,2010/05/19 00:00:00+00,LTG,266,-84.43623569014346,52.63243525332416
480,71294559,IFR,2010/05/12 00:00:00+00,RWY,44,-83.07262812245543,48.567845797937416
481,67527599,IFR,2006/07/02 00:00:00+00,LTG,500,-83.48878820162732,53.98562998499411
482,67527600,IFR,2006/09/09 00:00:00+00,LTG,40,-89.00490084424386,53.65243895152374
483,67527601,IFR,2006/09/01 00:00:00+00,LTG,45,-85.2769682437866,52.82159134602077
484,67527602,IFR,2006/08/28 00:00:00+00,LTG,75,-83.13576253946137,51.94802205244564
485,67527603,IFR,2006/09/01 00:00:00+00,LTG,50,-83.51923390480111,50.80993342758249
486,67527604,IFR,2006/08/30 00:00:00+00,IDF,49,-91.03858980460039,50.20007299945711
487,67527605,IFR,2006/08/06 00:00:00+00,LTG,69,-87.52932990315935,50.1749156552552
488,67527616,IFR,2006/07/14 00:00:00+00,UNK,228,-89.60681278023759,53.824837189117055
489,67527617,IFR,2006/06/14 00:00:00+00,LTG,100,-93.88461704857457,52.61769488844262
490,67527618,IFR,2006/06/17 00:00:00+00,LTG,64,-93.28275411174693,52.368155298366226
491,67527619,IFR,2006/09/08 00:00:00+00,LTG,467,-88.90674243218108,49.446870386341296
492,67527620,IFR,2006/09/13 00:00:00+00,LTG,136,-89.31633840862644,49.19913285324981
493,67527621,IFR,2006/09/09 00:00:00+00,LTG,41,-88.99821703783115,48.977361793972676
494,67527622,IFR,2006/06/24 00:00:00+00,LTG,565,-87.76111576539522,56.06157085338689
495,67527623,IFR,2006/07/17 00:00:00+00,LTG,375,-83.46885788616265,53.73064228898516
496,67527624,IFR,2006/07/08 00:00:00+00,LTG,93,-89.28961995615926,53.88442443314189
497,67527625,IFR,2006/07/11 00:00:00+00,LTG,3100,-93.15859338076542,53.846157831959836
498,67527691,IFR,2006/09/14 00:00:00+00,LTG,49,-87.0386472628272,49.279922696973586
499,67527692,IFR,2006/09/07 00:00:00+00,LTG,1326,-86.68378387674221,49.25099369719344
500,67527690,IFR,2006/09/08 00:00:00+00,LTG,241,-88.96501698078606,49.28772838550966
501,67527693,IFR,2006/09/07 00:00:00+00,LTG,79,-88.23638918691205,49.26122909706549
502,67527694,IFR,2006/09/07 00:00:00+00,LTG,188,-87.86660724873092,49.24416812369841
503,67527695,IFR,2006/05/09 00:00:00+00,RWY,41,-81.01430146466886,49.24354361619871
504,67527696,IFR,2006/09/08 00:00:00+00,LTG,1564,-88.8679743845114,49.20994483904983
505,67527697,IFR,2006/09/08 00:00:00+00,LTG,220,-88.92460421421805,49.20392852949543
506,67527698,IFR,2006/09/08 00:00:00+00,LTG,1563,-88.51474340635606,49.18669304459506
507,67527709,IFR,2006/09/08 00:00:00+00,LTG,445,-88.78915384387585,49.028640263330004
508,67527710,IFR,2006/09/07 00:00:00+00,LTG,59,-87.62231995080062,49.005845610769185
509,67527711,IFR,2006/09/07 00:00:00+00,LTG,82,-86.75022735104922,48.99771835383937
510,67527712,IFR,2006/09/07 00:00:00+00,LTG,51,-86.78564434974957,48.98021335978863
511,67527708,IFR,2006/09/08 00:00:00+00,LTG,2010,-88.61197090299538,49.052147458233414
512,67527713,IFR,2006/09/08 00:00:00+00,LTG,62,-86.74413143471966,48.92002390996953
513,67527714,IFR,2006/09/07 00:00:00+00,LTG,155,-86.78246003016964,48.91304068531477
514,67527715,IFR,2006/07/06 00:00:00+00,LTG,91,-91.8288283660075,48.26359613256436
515,67527716,IFR,2006/09/11 00:00:00+00,LTG,197,-91.30301304278714,48.23768946728002
516,67527717,IFR,2006/07/11 00:00:00+00,LTG,909,-91.45590884561462,48.244397321393386
517,67527718,IFR,2006/09/09 00:00:00+00,LTG,51,-91.49858590833428,48.21647177774997
518,67527719,IFR,2006/07/11 00:00:00+00,LTG,478,-91.42235616139024,48.22227362648762
519,67527720,IFR,2006/07/12 00:00:00+00,LTG,264,-91.34125881467084,48.21361773020482
520,67527721,IFR,2006/09/11 00:00:00+00,LTG,100,-91.33062624440156,48.18928709642484
521,67527722,IFR,2006/07/12 00:00:00+00,LTG,238,-91.2446676159735,48.158485516838006
522,67527637,IFR,2006/08/31 00:00:00+00,LTG,836,-92.6008349104612,52.59317327722351
523,67527638,IFR,2006/08/31 00:00:00+00,LTG,4107,-94.49901257886387,52.589280051574924
524,67527639,IFR,2006/08/31 00:00:00+00,LTG,186,-94.81979150434636,52.53290698231986
525,67527640,IFR,2006/08/21 00:00:00+00,LTG,18987,-93.85410815227519,52.49846024501438
526,67527641,IFR,2006/08/09 00:00:00+00,LTG,9274,-93.537303220672,52.518708100889846
527,67527642,IFR,2006/08/31 00:00:00+00,LTG,514,-92.77227386793243,52.46515155379341
528,67527643,IFR,2006/08/31 00:00:00+00,LTG,4119,-94.73519837932741,52.46169281849684
529,67527644,IFR,2006/08/31 00:00:00+00,LTG,2265,-94.37494765662416,52.39342936794091
530,67527663,IFR,2006/09/07 00:00:00+00,LTG,1053,-89.41406832389788,49.59112894433136
531,67527664,IFR,2006/09/08 00:00:00+00,LTG,8688,-90.10404167711971,49.53247988875135
532,67527665,IFR,2006/09/12 00:00:00+00,LTG,117,-88.97473855789731,49.59767495028743
533,67527666,IFR,2006/09/10 00:00:00+00,LTG,259,-88.96978659252494,49.57124854259608
534,67527667,IFR,2006/09/11 00:00:00+00,LTG,71,-88.62702515155364,49.56147635655031
535,67527668,IFR,2006/09/07 00:00:00+00,LTG,2386,-90.20376901446119,49.53258250633044
536,67527669,IFR,2006/09/09 00:00:00+00,LTG,49,-89.24336249662987,49.52610369960908
537,67527670,IFR,2006/09/07 00:00:00+00,LTG,2586,-89.15408064274841,49.49967683813903
538,67527671,IFR,2006/09/07 00:00:00+00,LTG,57,-87.74433294155868,49.484991558823346
539,67527672,IFR,2006/09/08 00:00:00+00,LTG,2365,-90.23556225579341,49.43116963964463
540,67527673,IFR,2006/09/09 00:00:00+00,LTG,753,-86.70420486282352,49.450638742639505
541,67527674,IFR,2006/09/07 00:00:00+00,LTG,95,-88.45261014450925,49.44963787952305
542,67527676,IFR,2006/09/07 00:00:00+00,LTG,100,-86.71034075750458,49.42651092708676
543,67527677,IFR,2006/09/07 00:00:00+00,LTG,240,-88.92932626131156,49.381795350507936
544,67527675,IFR,2006/09/07 00:00:00+00,LTG,794,-90.32647948578479,49.41646035519442
545,67527679,IFR,2006/09/07 00:00:00+00,LTG,1494,-86.72556913168818,49.383460087427885
546,67527680,IFR,2006/05/09 00:00:00+00,RWY,130,-81.04707285680178,49.39891869917752
547,67527681,IFR,2006/09/07 00:00:00+00,LTG,43,-89.22723515938819,49.401562874206945
548,67527682,IFR,2006/07/18 00:00:00+00,LTG,42,-87.01186175035471,49.398691159205605
549,67527683,IFR,2006/09/07 00:00:00+00,LTG,68,-89.2460019624385,49.388864580993726
550,67527684,IFR,2006/09/08 00:00:00+00,LTG,201,-90.18914412097311,49.37963836132883
551,67527685,IFR,2006/05/09 00:00:00+00,RWY,97,-81.04389544091794,49.37426003074735
552,67527686,IFR,2006/09/07 00:00:00+00,LTG,170,-87.3359227963764,49.3509588834156
553,67527687,IFR,2006/09/07 00:00:00+00,LTG,582,-86.75947685851384,49.29598197771843
554,67527688,IFR,2006/09/07 00:00:00+00,LTG,811,-86.55026881627124,49.28502858271995
555,68578430,IFR,2008/08/29 00:00:00+00,LTG,40,-81.18115129816786,51.81718202615661
556,70037145,IFR,2007/05/09 00:00:00+00,RWY,16702,-90.49240698654829,50.14145084744413
557,70037146,IFR,2007/05/05 00:00:00+00,MIS,67,-91.83653161063893,49.46032715742483
558,70037147,IFR,2007/05/10 00:00:00+00,LTG,120,-88.59459622860142,48.955689784530136
559,70037148,IFR,2007/05/13 00:00:00+00,UNK,685,-89.26024313614425,48.87084702277751
560,70037149,IFR,2007/05/09 00:00:00+00,REC,13051,-90.75785235057941,48.18800362258027
561,70037150,IFR,2007/07/28 00:00:00+00,REC,56,-81.72533019709157,45.82588333020802
562,67527689,IFR,2006/09/09 00:00:00+00,LTG,161,-87.81640582094765,49.303637373186284
563,67527678,IFR,2006/09/08 00:00:00+00,LTG,2714,-88.83482043316658,49.38986346777968
564,68574077,IFR,2008/06/20 00:00:00+00,LTG,270,-93.30127634195611,53.706126880765645
565,68574094,IFR,2008/08/31 00:00:00+00,LTG,47,-91.21500334326782,51.565170908451194
566,68574089,IFR,2008/08/17 00:00:00+00,LTG,200,-89.79000845492895,53.37098215304747
567,68574097,IFR,2008/08/18 00:00:00+00,LTG,520,-89.63235771065358,50.51739563730644
568,70037230,IFR,2007/07/22 00:00:00+00,LTG,300,-88.28223549770564,56.22360284418868
569,72839574,IFR,2011/07/01 00:00:00+00,LTG,2500,-90.01764054324323,52.65588655250324
570,72839575,IFR,2011/07/03 00:00:00+00,UNK,94,-92.98227264474325,52.11293720904954
571,72839573,IFR,2011/07/04 00:00:00+00,LTG,66,-93.50860588350358,52.61288681656747
572,67527626,IFR,2006/07/15 00:00:00+00,LTG,68,-92.13287501855284,53.71675988418608
573,67527627,IFR,2006/07/18 00:00:00+00,LTG,100,-92.73555274854105,53.18278803875789
574,67527628,IFR,2006/07/13 00:00:00+00,LTG,3000,-90.27594390371371,53.14270623111025
575,67527629,IFR,2006/07/14 00:00:00+00,LTG,40,-89.082741874553,53.14632504984422
576,67527630,IFR,2006/08/31 00:00:00+00,LTG,366,-94.38397434911563,52.86822011691226
577,67527631,IFR,2006/08/31 00:00:00+00,LTG,5039,-94.65935433702452,52.842387591860685
578,67527632,IFR,2006/08/31 00:00:00+00,LTG,936,-93.96551188011617,52.759347590522296
579,67527633,IFR,2006/06/16 00:00:00+00,LTG,794,-94.36768004699579,52.74710762754439
580,67527634,IFR,2006/08/31 00:00:00+00,LTG,400,-94.93679516154894,52.74430523555699
581,67527635,IFR,2006/08/30 00:00:00+00,IDF,49,-91.28341094989867,52.679111824192155
582,67527636,IFR,2006/08/31 00:00:00+00,LTG,6838,-93.7569409151985,52.70010577045492
583,67527653,IFR,2006/07/10 00:00:00+00,LTG,4995,-94.80477810824837,50.87610258557339
584,67527654,IFR,2006/07/15 00:00:00+00,LTG,56,-87.37388902438855,50.74789022037957
585,67527655,IFR,2006/07/05 00:00:00+00,LTG,91,-94.75569820339415,50.67957044140337
586,67527656,IFR,2006/08/03 00:00:00+00,LTG,60,-81.2235594473106,50.51202726289116
587,67527657,IFR,2006/09/08 00:00:00+00,LTG,930,-88.28769425932225,50.171973286736865
588,67527658,IFR,2006/09/07 00:00:00+00,LTG,388,-88.89729522827871,49.99292522186515
589,67527659,IFR,2006/09/09 00:00:00+00,LTG,300,-88.95389473995125,49.98401870492944
590,67527660,IFR,2006/09/07 00:00:00+00,LTG,2858,-88.99063101380654,49.9486631724772
591,67527661,IFR,2006/09/07 00:00:00+00,LTG,15075,-89.81229186887225,49.786889394975255
592,67527662,IFR,2006/07/13 00:00:00+00,UNK,2326,-93.649842496077,49.74155841242059
593,72861573,IFR,2011/06/14 00:00:00+00,LTG,2000,-90.89255245351185,54.46800818699948
594,72861574,IFR,2011/06/28 00:00:00+00,LTG,300,-90.8182352291146,54.47613019884573
595,72861575,IFR,2011/06/28 00:00:00+00,LTG,600,-90.21028060094739,54.23758954435208
596,72861576,IFR,2011/07/22 00:00:00+00,LTG,500,-85.80054375601604,53.93782665975981
597,72861577,IFR,2011/07/01 00:00:00+00,LTG,40,-88.57851384509303,53.696371792083205
598,72861578,IFR,2011/07/07 00:00:00+00,LTG,4000,-90.55204264499297,53.37812813944819
599,72861572,IFR,2011/07/06 00:00:00+00,LTG,600,-85.1296719071972,54.78056522829358
600,72861579,IFR,2011/07/15 00:00:00+00,LTG,1460,-88.72920166087914,53.19484516651974
601,72861580,IFR,2011/09/17 00:00:00+00,LTG,50,-82.83354946610203,52.918742077065104
602,72861581,IFR,2011/07/08 00:00:00+00,LTG,23190,-91.11511680153522,52.71956743277786
603,72861582,IFR,2011/09/05 00:00:00+00,LTG,500,-92.22139565193179,52.635622814415186
604,72861583,IFR,2011/07/04 00:00:00+00,LTG,225,-94.12284081141937,52.54137796295784
605,72861584,IFR,2011/07/10 00:00:00+00,LTG,9467,-93.6355904877923,52.453790956791586
606,70020149,IFR,2009/06/24 00:00:00+00,LTG,1500,-81.55788557474135,51.77958388514483
607,70020150,IFR,2009/06/23 00:00:00+00,LTG,150,-81.49991029253427,51.7802099860148
608,70020146,IFR,2009/06/24 00:00:00+00,LTG,100,-84.86990062753928,52.8320547564081
609,70020152,IFR,2009/06/24 00:00:00+00,LTG,2645,-79.51124785964444,50.530279352053654
610,70024364,IFR,2009/06/17 00:00:00+00,LTG,400,-84.6827934143575,52.386312117220584
611,70024365,IFR,2009/06/17 00:00:00+00,LTG,500,-84.57923178736634,52.37475207829475
612,70024755,IFR,2009/06/11 00:00:00+00,LTG,500,-92.38932017905265,54.40592147586465
613,70024761,IFR,2009/06/17 00:00:00+00,LTG,275,-91.74371102324717,54.08822959975153
614,70024765,IFR,2009/06/16 00:00:00+00,LTG,450,-90.13238123984165,53.984560926011945
615,70024768,IFR,2009/06/17 00:00:00+00,LTG,200,-89.50535087849374,53.70941297751289
616,70024772,IFR,2009/06/16 00:00:00+00,LTG,73,-88.87329034941392,53.69042642078714
617,70024776,IFR,2009/06/16 00:00:00+00,LTG,74,-88.2708108147294,53.622555190143025
618,70024778,IFR,2009/06/16 00:00:00+00,LTG,710,-88.13722329246964,53.51725291293671
619,70024782,IFR,2009/06/16 00:00:00+00,LTG,70,-87.8462160154643,53.46736487306714
620,70024785,IFR,2009/06/19 00:00:00+00,LTG,850,-92.31140099042763,52.94095426059451
621,70024790,IFR,2009/06/16 00:00:00+00,LTG,825,-87.55759146177618,52.724912403008844
622,70024793,IFR,2009/06/16 00:00:00+00,LTG,450,-87.51734280431084,52.69479509445192
623,70024797,IFR,2009/06/20 00:00:00+00,LTG,1225,-91.20444142413079,52.42509287270087
624,70024799,IFR,2009/06/16 00:00:00+00,LTG,75,-86.16051650994504,52.347498451304055
625,70024802,IFR,2009/06/20 00:00:00+00,LTG,700,-92.51558208095409,52.30091021399886
626,70024812,IFR,2009/06/16 00:00:00+00,LTG,300,-87.74961755627818,51.9222778133425
627,70024815,IFR,2009/06/16 00:00:00+00,LTG,300,-86.91268321811091,51.58515072478341
628,70024819,IFR,2009/06/12 00:00:00+00,LTG,300,-85.33567869985174,50.763306106119686
629,70024821,IFR,2009/06/17 00:00:00+00,RWY,47,-89.56125834341358,50.28041471116828
630,70024824,IFR,2009/06/25 00:00:00+00,LTG,109,-79.98731154390705,50.13479488371084
631,70025479,IFR,2009/06/15 00:00:00+00,LTG,1000,-84.10771648310399,52.916444642238794
632,72861585,IFR,2011/07/03 00:00:00+00,LTG,142,-93.77074904811944,52.2887233800059
633,72861586,IFR,2011/07/04 00:00:00+00,LTG,75,-92.5367250862014,52.22204298634214
634,72861587,IFR,2011/07/05 00:00:00+00,LTG,1704,-94.97866757035965,52.08340601447148
635,72861588,IFR,2011/07/05 00:00:00+00,LTG,95,-95.0458126618749,52.10518955452873
636,72861589,IFR,2011/07/18 00:00:00+00,LTG,200,-82.28254736474922,52.09219484438569
637,70024288,IFR,2009/06/16 00:00:00+00,LTG,1575,-92.45812983094497,51.73161576722469
638,70024285,IFR,2009/06/23 00:00:00+00,LTG,2800,-91.78838175526626,52.096269037702776
639,70024287,IFR,2009/06/23 00:00:00+00,LTG,1940,-91.1723322637296,51.913978081024986
640,70024289,PB,2009/04/16 00:00:00+00,MIS,170,-80.89711640502642,46.221410758014486
641,71294511,IFR,2010/07/18 00:00:00+00,LTG,300,-91.96385047160464,54.20787442703865
642,71294512,IFR,2010/06/25 00:00:00+00,LTG,200,-89.90608510674214,52.53243698381297
643,71294513,IFR,2010/06/25 00:00:00+00,LTG,100,-88.53824635425215,52.46005232122772
644,71294509,IFR,2010/07/24 00:00:00+00,LTG,300,-91.90181922275126,54.85524758300119
645,71294510,IFR,2010/07/18 00:00:00+00,LTG,75,-91.92280504358642,54.682597413484416
646,71294514,IFR,2010/05/16 00:00:00+00,LTG,1925,-86.1476114532467,52.40699239540272
647,72861590,IFR,2011/07/18 00:00:00+00,LTG,362,-88.91550778088276,52.09324030279523
648,72861591,IFR,2011/07/22 00:00:00+00,LTG,1300,-89.3643399811222,51.939598369290984
649,72861592,IFR,2011/07/18 00:00:00+00,LTG,300,-90.8055768476633,51.94131870604568
650,72861593,IFR,2011/07/07 00:00:00+00,LTG,80,-92.8209478155683,51.92137119192193
651,72861594,IFR,2011/06/30 00:00:00+00,LTG,300,-91.66803333711424,51.90810682775059
652,72861595,IFR,2011/08/07 00:00:00+00,LTG,61,-92.04142673372723,51.90897354958057
653,72861596,IFR,2011/06/12 00:00:00+00,LTG,500,-82.37872910544748,51.886667050427896
654,72861597,IFR,2011/07/01 00:00:00+00,LTG,300,-91.55105034437472,51.87152947958593
655,72861598,IFR,2011/07/14 00:00:00+00,LTG,407,-92.68978799845733,51.77268710092483
656,72861599,IFR,2011/07/14 00:00:00+00,LTG,1033,-92.6197908417076,51.759939053686665
657,72861600,IFR,2011/07/17 00:00:00+00,LTG,50,-92.67731306716138,51.765850463153804
658,72861601,IFR,2011/07/05 00:00:00+00,LTG,70,-89.73208302598984,51.653800298129646
659,72861602,IFR,2011/07/31 00:00:00+00,LTG,50,-81.33869765376969,51.5405298816555
660,72861603,IFR,2011/07/31 00:00:00+00,LTG,40,-83.01003662122835,51.49839021930379
661,72861604,IFR,2011/07/30 00:00:00+00,LTG,3973,-89.21850325790055,50.709379529656744
662,72861605,IFR,2011/08/07 00:00:00+00,LTG,145,-88.66475476887425,49.82942058741147
663,72861606,IFR,2011/08/11 00:00:00+00,LTG,40,-94.58226894150496,49.32597705463339
664,72861607,IFR,2011/06/07 00:00:00+00,LTG,60,-86.12123499662064,49.20625057405805
665,72861608,IFR,2011/09/25 00:00:00+00,MIS,40,-81.61146612057526,47.471851221322055
666,71294515,IFR,2010/05/25 00:00:00+00,LTG,4417,-93.81054756475199,52.03218388501381
667,71294516,IFR,2010/06/20 00:00:00+00,LTG,40,-88.7043218076968,51.93196612498663
668,71294517,IFR,2010/08/22 00:00:00+00,LTG,176,-93.34193540256987,51.88772165041193
669,71294518,PB,2010/10/15 00:00:00+00,MIS,1066,-94.05861035086613,51.39207598231934
670,71294519,IFR,2010/05/18 00:00:00+00,IDF,1077,-92.27369509487838,51.040546641115455
671,71294520,IFR,2010/05/18 00:00:00+00,LTG,50,-93.62244575475535,50.83902873913141
672,71294521,IFR,2010/06/18 00:00:00+00,REC,50,-87.6425997203838,50.2587404933463
673,71294522,IFR,2010/06/19 00:00:00+00,LTG,485,-82.04656961486188,49.762058134950195
674,71294523,PB,2010/10/15 00:00:00+00,MIS,112,-92.15901199474071,49.19029222605027
675,71294524,IFR,2010/05/24 00:00:00+00,LTG,219,-81.9402749225312,48.97926498811486
676,71294525,IFR,2010/03/27 00:00:00+00,INC,410,-94.56582153707825,48.82031803985125
677,71294526,IFR,2010/05/13 00:00:00+00,RES,132,-80.6546914050875,48.599610798076974
678,71294527,IFR,2010/05/19 00:00:00+00,MIS,83,-81.29505179324967,48.46249389002814
679,71294528,IFR,2010/05/19 00:00:00+00,INC,125,-81.62890358225997,48.458927899246284
680,71294529,IFR,2010/05/27 00:00:00+00,UNK,2051,-84.16517324891255,47.89971945147707
681,71294530,IFR,2010/05/26 00:00:00+00,LTG,135,-81.33084074924083,47.47901428167011
682,71294531,IFR,2010/03/31 00:00:00+00,RES,72,-81.72344790554182,45.826988915854145
683,71294532,PB,2010/04/15 00:00:00+00,MIS,65,-83.07130304913574,42.25724402146428
684,72839576,IFR,2011/07/04 00:00:00+00,LTG,420,-94.9252644843838,51.934996524215734
685,72839577,IFR,2011/07/15 00:00:00+00,LTG,141,-94.6236897601607,51.645432228749684
686,72858715,IFR,2011/07/04 00:00:00+00,LTG,3185,-92.92721401533755,53.706518205364546
687,72858724,IFR,2011/07/09 00:00:00+00,LTG,17057,-93.61521858656072,53.536114348127214
688,72858731,IFR,2011/07/05 00:00:00+00,LTG,375,-89.77537420030384,53.480730314115355
689,72858735,IFR,2011/07/13 00:00:00+00,LTG,1000,-90.92413067829352,53.39121703073231
690,72858742,IFR,2011/07/09 00:00:00+00,LTG,10366,-93.81518067148089,53.38040676417684
691,72858748,IFR,2011/07/03 00:00:00+00,LTG,2042,-93.04944959059861,53.283408694339485
692,72858752,IFR,2011/07/01 00:00:00+00,LTG,7500,-89.82879344287302,53.29929702094938
693,72858705,IFR,2011/07/13 00:00:00+00,LTG,1700,-91.99295593667985,53.73917732122022
694,72858854,IFR,2011/07/04 00:00:00+00,LTG,1322,-93.07813055087219,52.56381741437121
695,72858858,IFR,2011/07/01 00:00:00+00,LTG,3775,-89.25270570568344,52.41415174010345
696,72858864,IFR,2011/06/29 00:00:00+00,LTG,2931,-94.05246542145342,52.3064453393569
697,72858871,IFR,2011/07/20 00:00:00+00,LTG,265,-94.76273762180813,52.33607226376264
698,72858875,IFR,2011/07/08 00:00:00+00,LTG,12600,-88.53105392481638,52.22412918391257
699,72858881,IFR,2011/07/04 00:00:00+00,LTG,1034,-92.53707393321427,52.278717429334336
700,72858888,IFR,2011/07/15 00:00:00+00,LTG,133,-94.9637302446023,52.279412727626614
701,72858894,IFR,2011/07/20 00:00:00+00,LTG,302,-93.83959829159845,52.245199832579644
702,72858898,IFR,2011/07/02 00:00:00+00,UNK,1324,-94.83671519861983,52.221780573558625
703,72858771,IFR,2011/06/30 00:00:00+00,LTG,10445,-94.20252119821834,53.102867850922415
704,72858756,IFR,2011/06/30 00:00:00+00,LTG,3100,-93.98702429565962,53.14219234044369
705,72858763,IFR,2011/06/13 00:00:00+00,LTG,8674,-91.35059468546201,53.121407055759654
706,72858777,IFR,2011/07/04 00:00:00+00,LTG,4193,-93.60860771107768,53.02227701464221
707,72858784,IFR,2011/07/10 00:00:00+00,LTG,14232,-92.94268379269502,52.90461081548658
708,72858791,IFR,2011/07/06 00:00:00+00,LTG,43,-94.75256968809592,52.91698377637227
709,72858794,IFR,2011/07/09 00:00:00+00,LTG,179,-93.96450585792918,52.88112345560025
710,72858798,IFR,2011/07/09 00:00:00+00,LTG,489,-93.26825389963452,52.81021528971414
711,72858804,IFR,2011/07/04 00:00:00+00,LTG,4795,-93.64006706044712,52.765716645705766
712,72858810,IFR,2011/07/03 00:00:00+00,LTG,850,-89.74172175659126,52.669565588935505
713,72858814,IFR,2011/07/01 00:00:00+00,LTG,121,-93.9954252950511,52.663560463814925
714,72858820,IFR,2011/07/07 00:00:00+00,LTG,141000,-90.43428888407448,52.494733274436015
715,72858835,IFR,2011/07/03 00:00:00+00,LTG,520,-89.62457340146538,52.62245328625038
716,72858841,IFR,2011/07/04 00:00:00+00,LTG,27482,-93.63938459870016,52.64020313141103
717,72858847,IFR,2011/07/10 00:00:00+00,LTG,1382,-91.66784825785786,52.598238042133644
718,72858904,IFR,2011/07/18 00:00:00+00,LTG,412,-88.66081412636873,52.185147163562945
719,72858910,IFR,2011/07/16 00:00:00+00,LTG,61,-92.73548007378604,52.18468436257964
720,72858914,IFR,2011/07/04 00:00:00+00,LTG,2780,-93.00796518204697,52.1270248978907
721,72858921,IFR,2011/07/04 00:00:00+00,LTG,1561,-92.84200925286889,52.10101970523888
722,72858929,IFR,2011/06/05 00:00:00+00,LTG,19001,-90.58016642659192,52.07113416497508
723,72858935,IFR,2011/07/04 00:00:00+00,LTG,1729,-94.96047441867815,51.92799690479292
724,72858942,IFR,2011/07/18 00:00:00+00,LTG,150,-92.03769777084473,51.72834186941674
725,72858947,IFR,2011/07/04 00:00:00+00,LTG,31563,-94.81981331122748,51.707933556456254
726,72858960,IFR,2011/07/04 00:00:00+00,LTG,4611,-92.34226666467201,51.52566817769127
727,72858969,IFR,2011/07/04 00:00:00+00,LTG,21244,-92.05661309054885,51.493096248438725
728,72858984,IFR,2011/06/06 00:00:00+00,LTG,112000,-89.83367177655067,51.17418800847057
729,72859002,IFR,2011/07/04 00:00:00+00,LTG,245,-90.77486394234923,51.418656330150185
730,72859023,IFR,2011/07/10 00:00:00+00,LTG,41009,-92.11965976616135,51.22837074302801
731,72859057,IFR,2011/07/09 00:00:00+00,LTG,10000,-88.95941743391765,51.2135736469456
732,72859063,IFR,2011/07/29 00:00:00+00,LTG,230,-89.73294182050188,50.91272981340014
733,72859068,IFR,2011/07/20 00:00:00+00,LTG,18348,-89.61771560513316,50.81468779691889
734,72859079,IFR,2011/08/08 00:00:00+00,LTG,1000,-79.73275684264647,50.57889060836237
735,72859083,IFR,2011/07/20 00:00:00+00,LTG,763,-89.23567611649524,50.559844599270214
736,72859087,IFR,2011/06/07 00:00:00+00,LTG,125,-88.79171088231529,50.47559256072298
737,72859092,IFR,2011/08/12 00:00:00+00,LTG,1725,-90.00459331729263,50.461609427116514
738,72859096,IFR,2011/05/19 00:00:00+00,RWY,1317,-90.14829746214154,50.25413979407799
739,72859103,IFR,2011/07/09 00:00:00+00,LTG,41,-93.59087111459229,50.23312447299056
740,72859107,PB,2011/09/22 00:00:00+00,MIS,420,-84.67167186686869,49.97564199414923
741,72859114,IFR,2011/08/28 00:00:00+00,LTG,141,-91.47974415473024,48.225284463775814
742,72859111,IFR,2011/07/25 00:00:00+00,LTG,190,-86.60031089978925,49.42142568022405
743,72859118,IFR,2011/07/20 00:00:00+00,LTG,71,-91.39308748116513,48.16885066902851
744,72859121,IFR,2011/10/08 00:00:00+00,REC,100,-84.30625721247415,46.76835507788049
745,105398040,IFR,2012/06/10 00:00:00+00,LTG,126,-88.16052206153971,51.64936909304824
746,105398069,IFR,2012/07/14 00:00:00+00,LTG,212,-93.83904147040988,52.97960120246093
747,105398074,IFR,2012/07/29 00:00:00+00,LTG,230,-91.30043788990001,52.3552559721183
748,105398103,IFR,2012/05/20 00:00:00+00,REC,47,-81.67015739801775,50.224201118936506
749,105398108,IFR,2012/05/20 00:00:00+00,REC,2326,-80.0729603611204,48.19349690450278
750,105398059,IFR,2012/07/14 00:00:00+00,LTG,18845,-94.34202713690499,52.896036688178924
751,105398064,IFR,2012/07/14 00:00:00+00,LTG,956,-93.54996502689593,53.46689984807369
752,105398098,IFR,2012/06/11 00:00:00+00,LTG,140,-81.30072725289287,50.673517103671536
753,105398049,IFR,2012/07/30 00:00:00+00,LTG,294,-93.93905222159147,52.926783139539104
754,105398054,IFR,2012/07/06 00:00:00+00,LTG,302,-92.52191772248781,53.02508568736213
755,105398083,IFR,2012/07/14 00:00:00+00,LTG,803,-91.61527429721,52.75366376635585
756,105398088,IFR,2012/07/18 00:00:00+00,LTG,95,-89.44814374519312,53.03247697977941
757,105398039,IFR,2012/09/03 00:00:00+00,LTG,135,-88.97277770005816,51.12165064909011
758,105398044,IFR,2012/07/13 00:00:00+00,LTG,59,-88.87126463841285,52.02357302099326
759,105398043,IFR,2012/07/15 00:00:00+00,LTG,1699,-88.8971856088254,53.98562309824445
760,105398048,IFR,2012/07/12 00:00:00+00,LTG,50,-86.77776467212982,51.60308578264144
761,105398077,IFR,2012/06/06 00:00:00+00,LTG,223,-91.41780469973398,53.2639885223003
762,105398082,IFR,2012/07/11 00:00:00+00,LTG,746,-91.67182453590016,52.37482500164029
763,105398111,IFR,2012/07/23 00:00:00+00,LTG,42,-81.7517294467141,47.07533739514816
764,105398116,IFR,2012/05/13 00:00:00+00,RWY,50,-85.32513241434647,48.61163133789196
765,105398038,IFR,2012/09/03 00:00:00+00,LTG,193,-85.55887684198917,50.18766442552818
766,105398067,IFR,2012/07/15 00:00:00+00,LTG,247,-93.15095352243786,53.63772628531859
767,105398072,IFR,2012/07/07 00:00:00+00,LTG,13631,-95.08158831964256,52.641690274083864
768,105398101,IFR,2012/07/19 00:00:00+00,LTG,85,-81.75030139731085,50.75022474083788
769,105398106,IFR,2012/05/21 00:00:00+00,LTG,58,-80.0433099723061,47.95277553013388
770,105398057,IFR,2012/07/14 00:00:00+00,LTG,289,-94.36126877060232,52.43099571027187
771,105398062,IFR,2012/07/08 00:00:00+00,LTG,55,-93.7887969346285,52.855402726200474
772,105398091,IFR,2012/07/22 00:00:00+00,LTG,785,-92.23736802550617,52.414731313899466
773,105398096,IFR,2012/05/20 00:00:00+00,LTG,159,-80.19769696805808,49.86661169932617
774,105398047,IFR,2012/07/18 00:00:00+00,LTG,4955,-85.94209528941903,50.854985221671384
775,105398052,IFR,2012/06/09 00:00:00+00,LTG,782,-94.8509588807945,50.922705767559506
776,105398081,IFR,2012/07/05 00:00:00+00,LTG,100,-91.77428873293027,52.306817942967804
777,105398086,IFR,2012/07/16 00:00:00+00,LTG,59,-89.31392597003385,52.48900964954288
778,105398115,IFR,2012/05/08 00:00:00+00,LTG,3300,-83.91157717189981,47.48867854634331
779,105398037,IFR,2012/05/15 00:00:00+00,LTG,576,-94.74999192051409,49.39588093034555
780,105398042,IFR,2012/07/13 00:00:00+00,LTG,80,-86.03775024400048,51.75440583571315
781,105398071,IFR,2012/07/02 00:00:00+00,LTG,6085,-94.80075281144403,52.032398920176846
782,105398076,IFR,2012/06/05 00:00:00+00,LTG,48,-90.59002897655466,52.190484828228435
783,105398105,IFR,2012/05/21 00:00:00+00,LTG,654,-82.62524781651162,48.76323189193743
784,105398110,IFR,2012/06/26 00:00:00+00,LTG,102,-82.1188073956504,48.09194302314192
785,105398061,IFR,2012/07/08 00:00:00+00,LTG,1884,-93.71770576347944,52.853282243098135
786,105398066,IFR,2012/07/13 00:00:00+00,LTG,3577,-93.20349220666317,53.63951612936359
787,105398095,IFR,2012/05/14 00:00:00+00,RWY,195,-82.46864920787675,48.33309149333954
788,105398100,IFR,2012/07/19 00:00:00+00,LTG,1700,-83.00575422049197,50.892123989587326
789,105398051,IFR,2012/07/03 00:00:00+00,LTG,97,-93.35860548737725,53.66454443072736
790,105398056,IFR,2012/07/14 00:00:00+00,LTG,6956,-94.2628181108031,52.46518539142867
791,105398085,IFR,2012/07/15 00:00:00+00,LTG,106,-91.93141283573559,54.20449781656515
792,105398090,IFR,2012/07/24 00:00:00+00,LTG,772,-89.13767128058574,51.73689670546291
793,105398041,IFR,2012/07/11 00:00:00+00,LTG,49,-87.6862891036146,50.96082721520721
794,105398046,IFR,2012/07/19 00:00:00+00,LTG,2831,-88.83221331449319,51.8956148806197
795,105398075,IFR,2012/08/06 00:00:00+00,LTG,52,-92.76375040238989,50.32571367694739
796,105398080,IFR,2012/07/11 00:00:00+00,LTG,458,-90.21231108159972,50.433136923488725
797,105398109,IFR,2012/07/19 00:00:00+00,UNK,210,-77.57138036138818,45.92270655268141
798,105398114,IFR,2012/05/20 00:00:00+00,LTG,80,-84.9281466953083,48.39761199302909
799,105398035,IFR,2012/09/04 00:00:00+00,LTG,291,-91.19334398209863,48.126994219005454
800,105398065,IFR,2012/07/13 00:00:00+00,LTG,1016,-93.07796225213917,53.65210565964477
801,105398070,IFR,2012/07/13 00:00:00+00,LTG,111,-94.05349781335181,53.08237939075673
802,105398099,IFR,2012/06/29 00:00:00+00,LTG,2000,-79.81700385337699,50.84893591595655
803,105398104,IFR,2012/09/02 00:00:00+00,LTG,100,-84.3879455914626,50.08324530341713
804,105398055,IFR,2012/07/07 00:00:00+00,LTG,494,-93.95011101672345,52.620132780128756
805,105398060,IFR,2012/07/07 00:00:00+00,LTG,2706,-93.49776041826112,52.91848822445335
806,105398089,IFR,2012/07/24 00:00:00+00,LTG,1074,-91.38800715816608,51.86375122837952
807,105398094,PB,2012/09/29 00:00:00+00,MIS,1207,-91.69461599800503,50.51366342539147
808,105398045,IFR,2012/07/14 00:00:00+00,LTG,1824,-86.96137605274505,51.750125633984794
809,105398050,IFR,2012/06/05 00:00:00+00,LTG,88,-93.026628212861,53.06209017763125
810,105398079,IFR,2012/06/08 00:00:00+00,LTG,133,-89.02076117776892,52.03610908146178
811,105398084,IFR,2012/07/16 00:00:00+00,LTG,11446,-91.45416526927127,52.69837882439338
812,105398113,IFR,2012/05/20 00:00:00+00,RWY,39524,-81.66533881257791,48.11002407478756
813,105398036,IFR,2012/09/07 00:00:00+00,LTG,66,-94.62023423834025,49.527988078623295
814,105398073,IFR,2012/07/22 00:00:00+00,LTG,533,-95.05169531321312,52.88377988579418
815,105398078,IFR,2012/06/07 00:00:00+00,LTG,110,-92.3052260983791,53.1911253943891
816,105398107,IFR,2012/05/21 00:00:00+00,LTG,696,-80.50679099598749,47.76434900005764
817,105398112,IFR,2012/05/14 00:00:00+00,RWY,476,-81.57551992499779,47.465648114108184
818,105398063,IFR,2012/07/02 00:00:00+00,LTG,2742,-93.14221748417398,53.3617859691176
819,105398068,IFR,2012/07/15 00:00:00+00,LTG,2338,-93.72094534784054,53.02996547401696
820,105398097,IFR,2012/06/11 00:00:00+00,LTG,210,-81.32253873932268,50.64541421396403
821,105398102,IFR,2012/07/27 00:00:00+00,LTG,697,-81.64516634523386,50.25344423181427
822,105398053,IFR,2012/07/12 00:00:00+00,IDF,65,-92.95661315965161,50.92553570838257
823,105398058,IFR,2012/07/13 00:00:00+00,LTG,232,-94.19489366378518,52.78657313785236
824,105398087,IFR,2012/07/19 00:00:00+00,LTG,1069,-91.66296500812993,52.76347142279464
825,105398092,IFR,2012/07/09 00:00:00+00,LTG,304,-90.17978812497113,50.41368505698412
826,105398093,IFR,2012/09/01 00:00:00+00,LTG,822,-89.38196627160052,50.84889801224461
827,107469478,IFR,2013/07/04 00:00:00+00,LTG,356,-86.74445249161931,52.92793731531666
828,107469513,IFR,2013/06/08 00:00:00+00,LTG,1182,-89.13583782460792,53.389594161345855
829,107469456,IFR,2013/06/08 00:00:00+00,LTG,656,-84.94223468688953,53.09935466494456
830,107469490,IFR,2013/07/02 00:00:00+00,LTG,16302,-94.32846691313034,51.5056710467461
831,107469525,IFR,2013/07/12 00:00:00+00,LTG,115,-89.5690025775031,53.58965050134858
832,107469474,IFR,2013/07/03 00:00:00+00,LTG,315,-87.10005820963266,51.16795621664841
833,107469493,IFR,2013/07/02 00:00:00+00,LTG,2308,-94.42347778117289,51.47188236609754
834,107469458,IFR,2013/06/01 00:00:00+00,LTG,1318,-84.3553106195893,52.94020773267049
835,107469452,IFR,2013/06/08 00:00:00+00,LTG,6585,-84.70790065772029,53.81758473838146
836,107469480,IFR,2013/07/04 00:00:00+00,LTG,145,-88.83657608800851,53.430791699816744
837,107469476,IFR,2013/06/19 00:00:00+00,LTG,800,-86.96305919566288,51.75323272737247
838,107469472,IFR,2013/07/01 00:00:00+00,LTG,2490,-87.96708538603619,51.92703166111538
839,107469497,IFR,2013/07/17 00:00:00+00,LTG,65,-93.53460651311966,52.601461738569746
840,107469509,IFR,2013/06/08 00:00:00+00,LTG,666,-89.92760016444976,54.04549377628741
841,107469460,IFR,2013/05/28 00:00:00+00,IDO,207,-86.29243822194455,52.78546483243643
842,107469468,IFR,2013/06/07 00:00:00+00,LTG,523,-88.44503789135679,51.86345185415397
843,107469486,IFR,2013/07/07 00:00:00+00,LTG,1300,-85.61282224946841,53.872636558591715
844,107469454,IFR,2013/07/26 00:00:00+00,MIS,98,-82.42036707555177,54.74624056823793
845,107469494,IFR,2013/06/26 00:00:00+00,LTG,566,-94.07460463795803,52.99035526090168
846,107469506,IFR,2013/06/08 00:00:00+00,LTG,88,-90.20263331955111,53.484984578188225
847,107469504,IFR,2013/06/07 00:00:00+00,LTG,1649,-91.53940782621805,53.16681315238866
848,107469450,IFR,2013/07/03 00:00:00+00,LTG,513,-84.66930267364783,52.59754876166328
849,107469516,IFR,2013/06/10 00:00:00+00,LTG,4842,-90.5903840008939,53.912077361085544
850,107469488,IFR,2013/07/02 00:00:00+00,LTG,304,-94.07909187254262,51.38095826683271
851,107469520,IFR,2013/07/04 00:00:00+00,LTG,201,-90.95017777255362,52.96202755420086
852,107469466,IFR,2013/06/07 00:00:00+00,LTG,259,-88.04239351783221,51.88506033310502
853,107469511,IFR,2013/06/04 00:00:00+00,LTG,490,-89.68803844185975,53.9117553306941
854,107469523,IFR,2013/06/21 00:00:00+00,LTG,160,-90.00652961308839,54.40047946219853
855,107469521,IFR,2013/07/01 00:00:00+00,LTG,401,-89.79713426577214,54.10425885521729
856,107469514,IFR,2013/06/08 00:00:00+00,LTG,86,-91.33795810047792,53.76619300923773
857,107469470,IFR,2013/07/01 00:00:00+00,MIS,62,-87.36776871395294,52.898288504034284
858,107469502,IFR,2013/06/07 00:00:00+00,LTG,109,-89.4877681544454,51.96009203561956
859,107469483,IFR,2013/07/07 00:00:00+00,LTG,150,-86.40172491618915,54.01874124543788
860,107469484,IFR,2013/07/01 00:00:00+00,LTG,98,-86.59220366098678,52.75233777739711
861,107469498,IFR,2013/06/07 00:00:00+00,LTG,474,-90.34791034099372,52.901831132127775
862,107469482,IFR,2013/07/04 00:00:00+00,LTG,680,-87.7694925947465,53.94092178792856
863,107469518,IFR,2013/07/03 00:00:00+00,LTG,314,-90.063509133938,52.41868778383314
864,107469462,IFR,2013/06/07 00:00:00+00,LTG,2968,-87.97405709366144,52.655394824737016
865,107469527,IFR,2013/06/07 00:00:00+00,RWY,80,-88.8672727079813,50.29092430201588
866,107469500,IFR,2013/06/08 00:00:00+00,LTG,125,-89.86822599332574,53.79200790543586
867,107469464,IFR,2013/06/01 00:00:00+00,LTG,46,-88.87122037943391,52.78195776060798
868,110078933,PB,2014/09/27 00:00:00+00,MIS,160,-91.7803941363257,50.52960777921794
869,110078929,IFR,2014/08/08 00:00:00+00,LTG,52,-89.04527070637845,53.54233411447283
870,110078928,IFR,2014/06/05 00:00:00+00,LTG,50,-92.69332005327549,52.41014537580149
871,110078924,IFR,2014/07/16 00:00:00+00,LTG,1000,-82.91433870521486,52.688017045542516
872,110078923,IFR,2014/06/28 00:00:00+00,LTG,2800,-81.53990522675483,51.52341520967238
873,110078931,PB,2014/09/27 00:00:00+00,MIS,220,-92.62449006387149,51.202832375096726
874,110078926,IFR,2014/07/20 00:00:00+00,LTG,697,-92.57750276187402,51.93722582621502
875,110078930,PB,2014/04/29 00:00:00+00,MIS,79,-94.90117571342132,50.16048833484741
876,110078927,IFR,2014/06/04 00:00:00+00,REC,95,-94.06155496425274,50.90879934257347
877,110078925,IFR,2014/07/12 00:00:00+00,LTG,186,-95.00456850522525,51.34024494689364
878,110078934,PB,2014/10/25 00:00:00+00,MIS,100,-91.79501334769138,50.73509702341955
879,110078922,IFR,2014/06/05 00:00:00+00,LTG,100,-88.32690342921731,54.11212903848767
880,110078921,IFR,2014/08/06 00:00:00+00,LTG,70,-87.99151093778333,55.76770080175927
881,110078932,PB,2014/10/26 00:00:00+00,MIS,200,-92.13300837430951,50.66802236771879
882,72859007,IFR,2011/07/20 00:00:00+00,LTG,21675,-94.6145254959031,51.23348437982394
883,111254414,IFR,2015/05/23 00:00:00+00,INC,187,-95.07048886112429,49.68739516974613
884,111254425,IFR,2015/05/26 00:00:00+00,LTG,650,-94.23027068906124,51.61708425028863
885,111254410,IFR,2015/06/28 00:00:00+00,LTG,176,-80.20183899483789,49.20323346677783
886,111254435,IFR,2015/07/07 00:00:00+00,LTG,223,-92.66111059451217,54.09395973582122
887,111254446,IFR,2015/07/10 00:00:00+00,LTG,383,-91.64726618131402,54.390270464601656
888,111254409,IFR,2015/06/20 00:00:00+00,LTG,500,-85.33916556062188,52.80255853668123
889,111254451,PB,2015/03/23 00:00:00+00,MIS,113,-94.89379295119643,50.16270216070902
890,111254418,IFR,2015/06/08 00:00:00+00,LTG,50,-86.98248250679909,53.17904959794097
891,111254429,IFR,2015/06/24 00:00:00+00,LTG,94,-94.90458331780518,51.26121755016473
892,111254412,IFR,2015/07/01 00:00:00+00,LTG,580,-89.10445829116578,55.83215588725187
893,111254437,IFR,2015/06/08 00:00:00+00,LTG,100,-90.19592480447326,53.32265793784332
894,111254431,IFR,2015/06/26 00:00:00+00,LTG,1024,-94.64157943554628,51.30765258206511
895,111254445,IFR,2015/07/08 00:00:00+00,LTG,88,-91.94130556482342,52.666885741126194
896,111254450,IFR,2015/07/23 00:00:00+00,IDF,438,-81.3969870302848,47.02562525181987
897,111254415,IFR,2015/04/15 00:00:00+00,INC,260,-94.95161083750372,50.2484921388911
898,111254422,IFR,2015/06/30 00:00:00+00,LTG,340,-87.96224704400923,52.54985863602083
899,111254423,IFR,2015/06/30 00:00:00+00,LTG,78,-88.55980410272046,52.40035514466884
900,111254439,IFR,2015/06/26 00:00:00+00,LTG,50,-89.66910625893772,52.02151689108951
901,111254441,IFR,2015/06/27 00:00:00+00,LTG,185,-89.83188564369985,52.55266245696755
902,111254420,IFR,2015/06/25 00:00:00+00,LTG,529,-88.21101498422685,52.19118213816034
903,111254411,IFR,2015/06/22 00:00:00+00,LTG,1120,-79.90227554568875,50.640475567930594
904,111254452,PB,2015/09/29 00:00:00+00,MIS,3298,-91.37659098361364,50.06590308851426
905,111254419,IFR,2015/06/17 00:00:00+00,LTG,4067,-88.25086822071697,53.18513359491522
906,111254442,IFR,2015/06/26 00:00:00+00,LTG,85,-91.9486284214348,53.34597498835381
907,111254438,IFR,2015/06/26 00:00:00+00,LTG,429,-91.28072216882047,52.58452718029921
908,111254449,IFR,2015/07/14 00:00:00+00,LTG,112,-91.22679932046387,54.42192692639345
909,111254430,IFR,2015/06/24 00:00:00+00,LTG,2189,-94.72803143453446,50.87267299156216
910,111254417,IFR,2015/06/07 00:00:00+00,LTG,200,-88.58614302162358,53.43610837064832
911,111254443,IFR,2015/06/28 00:00:00+00,LTG,110,-89.47894465974964,52.700178312637654
912,111254426,IFR,2015/05/26 00:00:00+00,LTG,147,-94.45636339041612,51.524255707450465
913,111254434,IFR,2015/07/14 00:00:00+00,LTG,125,-92.99823781407517,53.565187708046054
914,111254448,IFR,2015/07/14 00:00:00+00,LTG,45,-89.26115876153789,53.715256958626476
915,111254444,IFR,2015/06/29 00:00:00+00,LTG,125,-90.6801756131688,52.892321793588636
916,111254421,IFR,2015/06/28 00:00:00+00,LTG,107,-89.00195457885022,52.61793146606492
917,111254416,IFR,2015/06/08 00:00:00+00,LTG,15827,-87.66199386972592,53.501325453528345
918,111254440,IFR,2015/06/26 00:00:00+00,LTG,45,-91.34092214183032,52.31551639681342
919,111254428,IFR,2015/06/13 00:00:00+00,LTG,410,-94.12301474840072,52.5249343294679
920,111254427,IFR,2015/06/15 00:00:00+00,LTG,2629,-93.79309196100691,52.713263304854244
921,111254424,IFR,2015/06/25 00:00:00+00,LTG,203,-88.08928084703939,52.29154507286061
922,111254432,IFR,2015/06/26 00:00:00+00,LTG,333,-94.93484931794457,51.2976959040757
923,111254447,IFR,2015/07/10 00:00:00+00,LTG,104,-91.89786564185229,53.13690922578409
924,111254436,IFR,2015/05/26 00:00:00+00,LTG,1256,-94.31599703489613,51.35117016814355
925,111254433,IFR,2015/07/10 00:00:00+00,LTG,119,-94.36285914686707,50.642602946272206
926,111254413,IFR,2015/06/06 00:00:00+00,LTG,2500,-84.22887841171587,53.79577095969825
927,115411912,IFR,2016/07/20 00:00:00+00,LTG,46,-90.48884283108492,52.94695083193261
928,115411917,IFR,2016/05/22 00:00:00+00,LTG,868,-89.90420635007398,49.19074005769952
929,115411910,IFR,2016/08/01 00:00:00+00,LTG,61,-79.97695767523007,47.33347636463063
930,115411907,IFR,2016/05/23 00:00:00+00,MIS,286,-86.95410357450861,49.76757365046583
931,115411919,OFR,2016/06/20 00:00:00+00,UNK,61,-79.20047344967851,44.7115938911224
932,115411904,IFR,2016/05/23 00:00:00+00,MIS,475,-84.5516915823964,49.79467863898351
933,115411911,IFR,2016/05/05 00:00:00+00,LTG,74334,-94.76128482326413,50.819945865449206
934,115411916,IFR,2016/06/20 00:00:00+00,MIS,85,-80.34480079707791,46.53297308008238
935,115411913,IFR,2016/07/17 00:00:00+00,LTG,157,-91.74372387961236,52.118391119967356
936,115411920,PB,2016/03/29 00:00:00+00,MIS,79,-94.90878175654917,50.1560276449095
937,115411921,PB,2016/10/03 00:00:00+00,MIS,3017,-89.74475733396524,49.55371307405444
938,115411918,IFR,2016/05/23 00:00:00+00,RWY,294,-85.982904874399,48.700282223263905
939,115411905,IFR,2016/05/23 00:00:00+00,MIS,2574,-84.86568353389397,49.80631927681577
940,115411915,IFR,2016/05/22 00:00:00+00,REC,56,-89.83743925999367,53.06063697320092
941,115411908,IFR,2016/05/23 00:00:00+00,LTG,147,-87.86390831598588,52.159594567709085
942,115411906,IFR,2016/05/05 00:00:00+00,RWY,1885,-95.1731748465104,49.85280545173129
943,115411903,IFR,2016/08/09 00:00:00+00,REC,48,-77.68706375982131,45.86849034420348
944,115411914,IFR,2016/07/17 00:00:00+00,LTG,55,-91.56659969062417,51.96943967418899
945,115411909,IFR,2016/07/01 00:00:00+00,LTG,932,-88.56291183885331,52.154819509222655
946,121438667,IFR,2017/08/11 00:00:00+00,LTG,85,-89.75189259350472,52.88694204174559
947,121438648,IFR,2017/07/29 00:00:00+00,LTG,168,-87.44034613058156,51.142685493569466
948,121438673,IFR,2017/07/25 00:00:00+00,LTG,746,-92.59786487050019,52.6987558391619
949,121438681,IFR,2017/08/24 00:00:00+00,LTG,96,-89.01729232894625,52.0131957526571
950,121438717,IFR,2017/07/10 00:00:00+00,LTG,60,-83.380929152177,53.646087283216524
951,121438708,IFR,2017/08/07 00:00:00+00,LTG,75,-88.28902768925633,52.448891210684636
952,121438713,IFR,2017/07/10 00:00:00+00,LTG,40,-84.32669452902793,53.801507727883795
953,121438716,IFR,2017/06/20 00:00:00+00,LTG,56,-88.38370555016823,55.763973481986945
954,121438709,IFR,2017/10/18 00:00:00+00,LTG,128,-89.98971595617496,51.13684288094746
955,121438683,IFR,2017/07/30 00:00:00+00,LTG,151,-91.80267216162602,53.220163621052386
956,121438696,IFR,2017/07/22 00:00:00+00,LTG,1927,-95.00592163783084,51.2116958689762
957,121438650,IFR,2017/08/07 00:00:00+00,LTG,43,-88.81976974200101,51.823600400437584
958,121438674,PB,2017/10/20 00:00:00+00,MIS,168,-92.92274651776987,49.01770288239725
959,121438711,PB,2017/10/13 00:00:00+00,MIS,183,-92.17986026205816,50.65420039177889
960,121438661,IFR,2017/07/29 00:00:00+00,LTG,3915,-87.80987861736679,52.353432109723194
961,121438706,IFR,2017/08/17 00:00:00+00,LTG,55,-90.95578259657849,53.10289889143075
962,121438658,IFR,2017/07/04 00:00:00+00,LTG,505,-91.6631670257703,54.022831319317845
963,121438680,IFR,2017/07/28 00:00:00+00,LTG,230,-92.15170557644369,52.698875942171604
964,121438715,IFR,2017/07/05 00:00:00+00,LTG,1574,-82.59999799972006,53.63114656876936
965,121438689,IFR,2017/07/28 00:00:00+00,LTG,665,-89.1649224088371,51.694530622817275
966,121438698,IFR,2017/07/29 00:00:00+00,LTG,2230,-89.28520040982283,51.388370719977004
967,121438707,IFR,2017/08/10 00:00:00+00,LTG,120,-91.63421044885688,54.36774071975887
968,121438702,IFR,2017/07/06 00:00:00+00,LTG,1455,-86.02125621729401,51.38615694484333
969,121438668,IFR,2017/07/29 00:00:00+00,LTG,99,-88.43762070330838,51.98559342277927
970,121438722,IFR,2017/07/04 00:00:00+00,LTG,100,-83.62591414531883,53.150710919101606
971,121438694,IFR,2017/08/08 00:00:00+00,LTG,674,-87.25628924367554,51.14540036636094
972,121438721,IFR,2017/06/14 00:00:00+00,LTG,7000,-83.44396778286128,54.544330369105076
973,121438659,IFR,2017/07/31 00:00:00+00,LTG,208,-88.63444048497965,52.37288571192231
974,121438724,IFR,2017/08/02 00:00:00+00,LTG,189,-83.95678869234008,52.37226084473364
975,121438666,IFR,2017/08/10 00:00:00+00,LTG,397,-91.04766497664205,52.612835885826726
976,121438651,IFR,2017/08/08 00:00:00+00,LTG,530,-87.49423322243477,52.53934517366557
977,121438714,IFR,2017/07/25 00:00:00+00,LTG,105,-84.00235273228903,52.58565225947544
978,121438703,IFR,2017/08/16 00:00:00+00,LTG,730,-90.1634898911739,53.37915442057267
979,121438684,IFR,2017/09/11 00:00:00+00,LTG,282,-89.44035899814214,50.899925320467624
980,121438687,IFR,2017/08/08 00:00:00+00,LTG,135,-88.94113120133603,52.87877654788053
981,121438700,IFR,2017/07/22 00:00:00+00,LTG,1086,-85.66549090319835,50.715938151767766
982,121438652,IFR,2017/07/30 00:00:00+00,LTG,247,-89.23228158215574,51.906687315895084
983,121438669,IFR,2017/08/07 00:00:00+00,LTG,81,-90.96032545900356,52.57657175514722
984,121438649,IFR,2017/07/28 00:00:00+00,LTG,156,-91.22258553452394,51.60160665388622
985,121438704,IFR,2017/07/27 00:00:00+00,LTG,6999,-88.63671544013638,52.861596689051424
986,121438693,IFR,2017/07/29 00:00:00+00,LTG,574,-88.81531647833451,51.73674110307158
987,121438664,IFR,2017/08/07 00:00:00+00,LTG,644,-88.03963643440814,51.761437121113254
988,121438676,IFR,2017/08/12 00:00:00+00,LTG,47,-89.40477784168496,53.5788952097903
989,121438720,IFR,2017/07/12 00:00:00+00,LTG,20540,-84.25123884304602,54.72262514305566
990,121438675,IFR,2017/08/13 00:00:00+00,LTG,56,-90.4772353616631,53.23964485737915
991,121438671,IFR,2017/07/29 00:00:00+00,LTG,45,-90.59025792192766,51.67430185920326
992,121438662,IFR,2017/07/29 00:00:00+00,LTG,50,-88.43310253881552,51.55438241686588
993,121438655,IFR,2017/09/11 00:00:00+00,LTG,214,-89.51658577735154,50.563356833248555
994,121438677,IFR,2017/08/04 00:00:00+00,LTG,132,-91.71135453690444,52.71402498733304
995,121438654,IFR,2017/09/11 00:00:00+00,LTG,87,-89.65058731316645,50.58880854054945
996,121438679,IFR,2017/08/06 00:00:00+00,LTG,180,-93.73726146338068,53.56898758701026
997,121438646,IFR,2017/07/26 00:00:00+00,LTG,119,-90.92432374158948,51.26395519518033
998,121438701,IFR,2017/06/11 00:00:00+00,LTG,13553,-88.24671692894911,51.78056010048971
999,121438678,IFR,2017/07/19 00:00:00+00,LTG,265,-88.30526176893976,52.17898189361986
1000,121438695,IFR,2017/08/10 00:00:00+00,LTG,1144,-92.59037102363168,52.54698135394835
1001,121438692,IFR,2017/08/02 00:00:00+00,LTG,181,-89.63584096590272,50.7417098165813
1002,121438690,IFR,2017/08/07 00:00:00+00,LTG,531,-87.94744276905809,49.095929451413
1003,121438699,IFR,2017/08/11 00:00:00+00,LTG,198,-91.03718848386542,52.83483161711484
1004,121438656,IFR,2017/08/03 00:00:00+00,LTG,60,-90.9062881281615,52.5631898032382
1005,121438647,IFR,2017/07/29 00:00:00+00,LTG,4736,-87.64369421316164,52.62547271931886
1006,121438670,IFR,2017/07/29 00:00:00+00,LTG,146,-93.74644601291502,52.87854812488891
1007,121438685,IFR,2017/07/05 00:00:00+00,LTG,131,-92.20601699947649,53.213993211222494
1008,121438705,IFR,2017/08/15 00:00:00+00,LTG,51,-91.17054112078672,52.5044016838357
1009,121438657,IFR,2017/08/05 00:00:00+00,LTG,510,-89.03215461563869,52.7303843688936
1010,121438719,IFR,2017/07/08 00:00:00+00,LTG,17272,-84.81976296080461,54.7388159153053
1011,121438697,IFR,2017/08/14 00:00:00+00,LTG,110,-92.50869674610888,52.40692827023035
1012,121438723,IFR,2017/07/01 00:00:00+00,LTG,438,-85.40009554135084,54.78637183073393
1013,121438686,IFR,2017/08/08 00:00:00+00,LTG,3486,-87.58820723059254,52.555707242684086
1014,121438672,IFR,2017/07/05 00:00:00+00,LTG,68,-86.97694581970735,52.30806919252481
1015,121438644,IFR,2017/07/29 00:00:00+00,LTG,652,-89.23558799128554,51.60498859890929
1016,121438682,IFR,2017/07/27 00:00:00+00,LTG,79,-90.73297723164053,51.730585681685156
1017,121438663,IFR,2017/07/24 00:00:00+00,LTG,3690,-91.38672566815866,51.8935463888417
1018,121438645,PB,2017/03/27 00:00:00+00,MIS,94,-94.9111392850522,50.15500956790967
1019,121438660,IFR,2017/07/29 00:00:00+00,LTG,48,-88.08460201644425,51.98081185740844
1020,121438718,IFR,2017/08/15 00:00:00+00,LTG,200,-85.0540365997602,54.48387812706501
1021,121438691,IFR,2017/08/03 00:00:00+00,LTG,1320,-89.03868390287865,51.841865508078115
1022,121438653,IFR,2017/07/29 00:00:00+00,LTG,205,-87.9607600814225,52.34884875240514
1023,121438665,IFR,2017/08/11 00:00:00+00,LTG,129,-86.2040696103189,53.828664940556735
1024,121438688,IFR,2017/08/03 00:00:00+00,LTG,4049,-95.00535877663702,51.7000401629067
1025,121438712,IFR,2017/07/29 00:00:00+00,LTG,1210,-85.98758067635984,54.720060952500624
1026,121519756,IFR,2017/08/11 00:00:00+00,LTG,214,-88.67538228070612,52.820073498991704
1027,125432355,IFR,2018/07/01 00:00:00+00,LTG,32850,-88.17469436252932,52.83648266822342
1028,125432366,IFR,2018/07/16 00:00:00+00,LTG,2152,-94.7853076387515,51.029186198399614
1029,125432420,IFR,2018/07/12 00:00:00+00,LTG,521,-90.18082945404649,50.85561389271642
1030,125432455,IFR,2018/07/08 00:00:00+00,LTG,291,-91.72914477037997,52.36387170872094
1031,125432369,IFR,2018/07/30 00:00:00+00,LTG,375,-81.62207563493342,50.228944654044774
1032,125432387,IFR,2018/07/05 00:00:00+00,LTG,221,-79.83652220232186,47.031247276671664
1033,125432433,IFR,2018/07/16 00:00:00+00,LTG,46,-92.90017921214967,50.422191199602956
1034,125432402,IFR,2018/06/30 00:00:00+00,LTG,176,-80.3818017298165,46.729539057078405
1035,125432415,IFR,2018/07/21 00:00:00+00,LTG,348,-88.95732202780171,52.11534935649416
1036,125432450,IFR,2018/07/13 00:00:00+00,LTG,766,-89.73794928489286,52.064245763448554
1037,125432428,IFR,2018/06/20 00:00:00+00,LTG,9397,-94.84495175044002,52.86224277645449
1038,125432392,IFR,2018/06/30 00:00:00+00,LTG,53,-81.31402259024495,46.73265970028388
1039,125432408,IFR,2018/07/08 00:00:00+00,LTG,41,-86.1102758753556,51.59256779301002
1040,125432398,IFR,2018/07/15 00:00:00+00,LTG,4899,-80.74459858533436,49.88536864778765
1041,125432362,IFR,2018/07/14 00:00:00+00,LTG,4163,-94.9180590818744,51.279082870511324
1042,125432418,IFR,2018/07/07 00:00:00+00,LTG,94,-90.90040782886956,52.34834501963757
1043,125432453,IFR,2018/07/14 00:00:00+00,LTG,61,-86.02524596571821,51.56371809330004
1044,125432381,IFR,2018/06/30 00:00:00+00,LTG,337,-79.97811935103023,46.75483347549141
1045,125432413,IFR,2018/06/20 00:00:00+00,LTG,590,-94.70848003669626,52.80409799445453
1046,125432448,PB,2018/04/19 00:00:00+00,MIS,103,-94.90462486065597,50.1553849941551
1047,125432438,IFR,2018/07/22 00:00:00+00,LTG,315,-87.96502629541746,53.38407403670821
1048,125432441,IFR,2018/09/06 00:00:00+00,LTG,154,-91.04702042955839,50.699866771313445
1049,125432396,IFR,2018/06/11 00:00:00+00,MIS,122,-85.40141457933353,55.02509637615686
1050,125432385,IFR,2018/06/30 00:00:00+00,LTG,273,-80.45217438142602,47.18319997155382
1051,125432431,IFR,2018/08/10 00:00:00+00,LTG,181,-93.00554518087752,50.54942787448749
1052,125432380,IFR,2018/06/30 00:00:00+00,LTG,1407,-80.42807355404838,47.26381362527193
1053,125432390,IFR,2018/07/18 00:00:00+00,LTG,697,-78.080107514389,46.13638906881437
1054,125432359,IFR,2018/06/22 00:00:00+00,LTG,200,-94.95888143037519,51.297968164953936
1055,125432399,IFR,2018/07/17 00:00:00+00,LTG,50,-80.19468821667351,50.495004163383946
1056,125432446,IFR,2018/07/14 00:00:00+00,LTG,321,-94.7164459969801,50.63743521082832
1057,125432383,IFR,2018/07/05 00:00:00+00,LTG,75,-79.74327529935695,46.98751427776826
1058,125432410,IFR,2018/06/15 00:00:00+00,LTG,4806,-91.155441682055,54.447117715466945
1059,125432443,IFR,2018/07/07 00:00:00+00,LTG,287,-91.51745653975011,52.356462904674416
1060,125432423,IFR,2018/06/19 00:00:00+00,LTG,76,-91.67705455522902,52.66908370208353
1061,125432372,IFR,2018/07/29 00:00:00+00,LTG,365,-88.34476287469693,55.80335897795501
1062,125432377,IFR,2018/07/15 00:00:00+00,LTG,130,-80.4406421263106,49.1971045764615
1063,125432405,IFR,2018/06/26 00:00:00+00,LTG,8909,-87.61552733415218,52.61334044007361
1064,125432364,IFR,2018/07/14 00:00:00+00,LTG,8240,-94.90940159037626,51.16565325669135
1065,125432357,IFR,2018/06/16 00:00:00+00,LTG,3475,-92.61725687119437,52.296901199927895
1066,125432426,IFR,2018/07/13 00:00:00+00,LTG,5478,-94.65139657875173,51.61523042753827
1067,125432375,IFR,2018/06/12 00:00:00+00,LTG,3264,-86.93320722835625,55.735249021019065
1068,125432403,IFR,2018/07/05 00:00:00+00,LTG,396,-79.38212069004945,46.88112450902812
1069,125432356,IFR,2018/06/16 00:00:00+00,LTG,24857,-92.65855363668364,52.41792019448186
1070,125432416,IFR,2018/07/18 00:00:00+00,IDF,110,-92.53330088592394,51.1810620439162
1071,125432451,IFR,2018/06/19 00:00:00+00,LTG,582,-87.52030499249351,51.9705933367228
1072,125432367,IFR,2018/05/22 00:00:00+00,MIS,3507,-95.12649199296857,52.08929035220919
1073,125432421,IFR,2018/07/14 00:00:00+00,LTG,138,-94.58338458283883,51.11624601295297
1074,125432411,IFR,2018/07/08 00:00:00+00,LTG,43,-88.79426192724468,52.06360641870149
1075,125432370,IFR,2018/07/30 00:00:00+00,LTG,430,-87.84030868514272,55.576012650289044
1076,125432388,IFR,2018/07/08 00:00:00+00,LTG,27286,-80.36661383640602,47.46639343500196
1077,125432434,IFR,2018/08/06 00:00:00+00,LTG,8307,-89.73462795720846,50.69961326959286
1078,125432417,IFR,2018/07/16 00:00:00+00,LTG,144,-88.33053074234947,52.12215192366963
1079,125432391,IFR,2018/07/18 00:00:00+00,LTG,72,-77.98597610847492,46.20223642091068
1080,125432429,IFR,2018/07/28 00:00:00+00,LTG,2626,-91.40004919952666,48.504505359559964
1081,125432360,IFR,2018/07/14 00:00:00+00,LTG,1523,-94.91687530130095,51.26804670801143
1082,125432400,IFR,2018/07/19 00:00:00+00,LTG,895,-81.23283682905281,50.523477641238735
1083,125432378,IFR,2018/07/15 00:00:00+00,LTG,487,-81.96340329504469,50.0623607534257
1084,125432436,IFR,2018/06/26 00:00:00+00,LTG,3684,-88.99090318195248,52.06254620751028
1085,125432384,IFR,2018/07/05 00:00:00+00,LTG,147,-79.56284527630582,46.9583793972179
1086,125432394,IFR,2018/06/27 00:00:00+00,IDF,62,-81.74997461736382,48.65240955286478
1087,125432444,IFR,2018/07/07 00:00:00+00,LTG,282,-91.25031443414849,52.35890574545381
1088,125432424,IFR,2018/07/06 00:00:00+00,LTG,4576,-90.29538407195548,52.38948476819004
1089,125432373,IFR,2018/07/28 00:00:00+00,LTG,95,-88.59652854001122,55.7203118963031
1090,125432406,IFR,2018/05/24 00:00:00+00,REC,140,-87.3233241493102,53.05299442937139
1091,125432365,IFR,2018/07/14 00:00:00+00,LTG,320,-94.74467386280931,51.12154604969363
1092,125432419,IFR,2018/07/07 00:00:00+00,LTG,2285,-87.7780015436176,53.20017943995213
1093,125432454,IFR,2018/07/28 00:00:00+00,LTG,139,-89.88393691092102,50.29589530467601
1094,125432368,IFR,2018/08/04 00:00:00+00,LTG,9401,-95.00107343421512,52.0573498844694
1095,125432386,IFR,2018/06/30 00:00:00+00,LTG,2500,-80.09752666147702,46.73030349843463
1096,125432432,IFR,2018/06/16 00:00:00+00,LTG,1195,-92.2290488589209,53.64630041764197
1097,125432354,IFR,2018/07/01 00:00:00+00,LTG,4554,-88.30781019622295,52.74423239033368
1098,125432414,IFR,2018/06/18 00:00:00+00,LTG,125,-91.66002691818525,52.81830452587072
1099,125432449,IFR,2018/06/26 00:00:00+00,LTG,46,-88.90532226403185,51.98536341949691
1100,125432442,IFR,2018/06/27 00:00:00+00,LTG,178,-92.29811802833481,53.84603895561772
1101,125432422,IFR,2018/07/08 00:00:00+00,LTG,638,-88.43646931104244,51.584825493698574
1102,125432412,IFR,2018/07/13 00:00:00+00,LTG,1553,-94.77851334150398,51.3059609376203
1103,125432358,IFR,2018/07/14 00:00:00+00,LTG,504,-94.64430585668862,50.97036708639741
1104,125432427,IFR,2018/07/07 00:00:00+00,LTG,9689,-88.92467615884779,52.792220005929266
1105,125432376,IFR,2018/06/17 00:00:00+00,LTG,2685,-83.50019735109532,53.04821237355997
1106,125432404,IFR,2018/07/14 00:00:00+00,LTG,10272,-94.9889798701798,50.44749839676279
1107,125432363,IFR,2018/07/16 00:00:00+00,LTG,17256,-94.72749553546957,51.10518447789786
1108,125432445,IFR,2018/07/14 00:00:00+00,LTG,468,-89.63616799467033,52.039379307499686
1109,125432452,IFR,2018/06/13 00:00:00+00,LTG,71,-88.54741812371397,51.45067919013778
1110,125432439,IFR,2018/07/07 00:00:00+00,LTG,411,-89.04509247075967,52.88316949456761
1111,125432397,IFR,2018/07/16 00:00:00+00,LTG,150,-81.54111176770228,50.354575133785254
1112,125432456,IFR,2018/06/16 00:00:00+00,LTG,1494,-91.32136437428052,53.98374641696676
1113,125432382,IFR,2018/07/01 00:00:00+00,LTG,347,-80.35165998711521,47.255918618247925
1114,125432409,IFR,2018/07/12 00:00:00+00,LTG,50,-95.06288129341765,52.93310669756806
1115,125432371,IFR,2018/07/29 00:00:00+00,LTG,1200,-87.93818990777187,55.65930710940337
1116,125432389,IFR,2018/07/18 00:00:00+00,IDO,11362,-80.7315438985272,45.93233278754887
1117,125432447,IFR,2018/06/28 00:00:00+00,LTG,142,-94.46399936896856,51.78229621794504
1118,125432437,IFR,2018/06/26 00:00:00+00,LTG,54,-88.54564391134679,52.555854196875664
1119,125432440,IFR,2018/07/27 00:00:00+00,LTG,399,-88.08231697087092,53.28969005409044
1120,125432393,IFR,2018/07/12 00:00:00+00,IDF,114,-80.63657762741046,48.44240665589228
1121,125432430,IFR,2018/06/21 00:00:00+00,LTG,4528,-89.49710909449747,52.65075355228745
1122,125432361,IFR,2018/06/22 00:00:00+00,LTG,63,-94.96521322002847,51.312813276674554
1123,125432401,IFR,2018/07/29 00:00:00+00,LTG,176,-88.37030393124782,55.97108691070213
1124,125432379,IFR,2018/07/17 00:00:00+00,LTG,927,-85.0949937859243,50.108588750280724
1125,125432407,IFR,2018/07/15 00:00:00+00,LTG,97,-93.54085868623247,51.450943557778906
1126,125432395,OFR,2018/07/06 00:00:00+00,LTG,75,-79.10995022119032,44.550440555873664
1127,125432435,IFR,2018/06/26 00:00:00+00,LTG,1358,-87.90016408282204,51.808341732218395
1128,125432425,IFR,2018/07/17 00:00:00+00,LTG,85,-93.73699118608079,52.838964527966155
1129,125432374,IFR,2018/08/06 00:00:00+00,LTG,40,-87.5261960464301,54.286887050841884
1130,127798903,IFR,2019/07/03 00:00:00+00,LTG,317,-79.86469410087791,50.457942682233465
1131,127798902,IFR,2019/07/27 00:00:00+00,LTG,226,-92.18479093457243,53.25328178020726
1132,127798901,IFR,2019/06/15 00:00:00+00,LTG,96536,-92.9162172718291,52.80321796830519
1133,127798900,IFR,2019/06/30 00:00:00+00,LTG,8414,-94.99029255582731,51.76785284985991
1134,127798899,IFR,2019/05/11 00:00:00+00,REC,46,-93.85148187420899,48.991694609711445
1135,127798898,IFR,2019/07/27 00:00:00+00,LTG,408,-90.72613445366355,53.14983611795945
1136,127798897,IFR,2019/07/24 00:00:00+00,LTG,989,-92.1245509534404,53.582760492537695
1137,127798896,IFR,2019/06/30 00:00:00+00,LTG,37770,-94.9425221279322,51.53539038680801
1138,127798895,IFR,2019/07/27 00:00:00+00,LTG,109,-91.11257723738136,52.496057679069054
1139,127798906,IFR,2019/06/30 00:00:00+00,LTG,1234,-94.11460360060123,51.75095347913337
1140,127798905,IFR,2019/06/30 00:00:00+00,LTG,43308,-94.21351226597055,51.64809920030418
1141,127798904,IFR,2019/06/06 00:00:00+00,IDF,4645,-81.81177784275982,47.74145235727525
1142,127798894,IFR,2019/07/27 00:00:00+00,LTG,195,-93.01152430272832,53.44261501497433
1143,127798893,IFR,2019/07/25 00:00:00+00,LTG,333,-91.60391233280866,53.526731692709305
1144,127798892,IFR,2019/05/29 00:00:00+00,RES,3835,-93.88492784842646,51.78723514539288
1145,127798891,IFR,2019/06/25 00:00:00+00,LTG,30213,-93.59641788052735,51.424236828858234
1146,127798890,IFR,2019/06/06 00:00:00+00,IDF,6508,-93.12121973227208,51.42417575485364
1147,127798889,IFR,2019/07/18 00:00:00+00,LTG,95,-88.07528064173866,48.67713164572611
1148,127798888,IFR,2019/07/30 00:00:00+00,LTG,3962,-94.62257638107819,51.248711609568566
1149,127798887,IFR,2019/06/15 00:00:00+00,LTG,9593,-94.46669625939028,52.890785531164404
1150,127798886,IFR,2019/06/20 00:00:00+00,REC,72,-93.51195634416547,53.0847393934374
1151,127798885,IFR,2019/07/28 00:00:00+00,LTG,85,-90.3481467084341,53.256601997255146
1152,127798884,IFR,2019/07/14 00:00:00+00,LTG,75,-92.50535325174944,53.19911013960444
1153,127798883,IFR,2019/06/30 00:00:00+00,LTG,40,-94.02169715954498,51.37324060627614
1154,127798882,IFR,2019/06/13 00:00:00+00,LTG,17615,-94.35351986141335,52.50053330641837
1155,127798881,IFR,2019/07/03 00:00:00+00,LTG,68,-90.44007544143174,50.72607209994648
1156,127798880,IFR,2019/06/06 00:00:00+00,RES,824,-90.15900260898106,51.465256982855564
1157,127798875,IFR,2019/07/01 00:00:00+00,LTG,850,-95.13589121402022,51.79740606040981
1158,127798876,IFR,2019/07/28 00:00:00+00,LTG,135,-93.35916666884255,53.58764551305766
1159,127798879,PB,2019/04/18 00:00:00+00,MIS,91,-94.9085060698732,50.154769074965536
1160,127798878,IFR,2019/08/23 00:00:00+00,IDF,45,-93.81758441340179,50.815663113909544
1161,127798877,IFR,2019/07/28 00:00:00+00,LTG,518,-93.76500799230061,53.57562822654825
